Workbook

Sheet Summary Dashboard
A1: CONTRACT SUMMARY DASHBOARD
A2: Real-time Portfolio Overview | Taggd RPO
A4: Total Clients | C4: Current ACV (₹L) | E4: Avg Contribution Margin % | G4: Total Headcount | I4: Active | K4: Renewed | M4: Expired
A5: =COUNTA('Contract Data'!B4:B8) -> 5 | C5: ='Contract Data'!F9 -> 405 | E5: ='Contract Data'!H8 -> 0.25 | G5: ='Contract Data'!I8 -> 3 | I5: =COUNTIF('Contract Data'!G4:G8,"Active") -> 3 | K5: =COUNTIF('Contract Data'!G4:G8,"Renewed") -> 1 | M5: =COUNTIF('Contract Data'!G4:G8,"Expired") -> 1
A9: CLIENT-LEVEL PERFORMANCE SUMMARY
A10: Customer | B10: Status | C10: Signed ACV (₹L) | D10: Current ACV (₹L) | E10: ACV Growth% | F10: CM% | G10: HC | H10: Renewal Date | I10: Remarks
A11: ='Contract Data'!B4 -> Siemens Healthineers | B11: ='Contract Data'!G4 -> Active | C11: ='Contract Data'!F4 -> 120 | D11: ='Contract Data'!#REF! -> #REF! | E11: ='Contract Data'!O4 -> Yes | F11: ='Contract Data'!H4 -> 0.32 | G11: ='Contract Data'!I4 -> 8 | H11: ='Contract Data'!E4 -> 31-Mar-2025 | I11: ='Contract Data'!T4 -> Renewal in discussion | L11: STATUS BREAKDOWN
A12: ='Contract Data'!B5 -> Mahindra & Mahindra | B12: ='Contract Data'!G5 -> Active | C12: ='Contract Data'!F5 -> 80 | D12: ='Contract Data'!#REF! -> #REF! | E12: ='Contract Data'!O5 -> No | F12: ='Contract Data'!H5 -> 0.28 | G12: ='Contract Data'!I5 -> 5 | H12: ='Contract Data'!E5 -> 14-Jun-2025 | I12: ='Contract Data'!T5 -> 0 | L12: Active | M12: =COUNTIF('Contract Data'!G4:G8,"Active") -> 3
A13: ='Contract Data'!B6 -> Wipro Limited | B13: ='Contract Data'!G6 -> Renewed | C13: ='Contract Data'!F6 -> 60 | D13: ='Contract Data'!#REF! -> #REF! | E13: ='Contract Data'!O6 -> 0 | F13: ='Contract Data'!H6 -> 0.3 | G13: ='Contract Data'!I6 -> 4 | H13: ='Contract Data'!E6 -> 31-Dec-2024 | I13: ='Contract Data'!T6 -> Auto-renewed at +8% | L13: Renewed | M13: =COUNTIF('Contract Data'!G4:G8,"Renewed") -> 1
A14: ='Contract Data'!B7 -> Honeywell | B14: ='Contract Data'!G7 -> Active | C14: ='Contract Data'!F7 -> 95 | D14: ='Contract Data'!#REF! -> #REF! | E14: ='Contract Data'!O7 -> 0 | F14: ='Contract Data'!H7 -> 0.35 | G14: ='Contract Data'!I7 -> 6 | H14: ='Contract Data'!E7 -> 30-Jun-2025 | I14: ='Contract Data'!T7 -> 0 | L14: Expired | M14: =COUNTIF('Contract Data'!G4:G8,"Expired") -> 1
A15: ='Contract Data'!B8 -> HPE | B15: ='Contract Data'!G8 -> Expired | C15: ='Contract Data'!F8 -> 50 | D15: ='Contract Data'!#REF! -> #REF! | E15: ='Contract Data'!O8 -> 0 | F15: ='Contract Data'!H8 -> 0.25 | G15: ='Contract Data'!I8 -> 3 | H15: ='Contract Data'!E8 -> 28-Feb-2025 | I15: ='Contract Data'!T8 -> Follow-up required
L16: HEADCOUNT BY CLIENT
L17: ='Contract Data'!B4 -> Siemens Healthineers | M17: ='Contract Data'!I4 -> 8
L18: ='Contract Data'!B5 -> Mahindra & Mahindra | M18: ='Contract Data'!I5 -> 5
L19: ='Contract Data'!B6 -> Wipro Limited | M19: ='Contract Data'!I6 -> 4
A20: Customer | B20: Signed ACV | C20: Current ACV | E20: Customer | F20: CM% | L20: ='Contract Data'!B7 -> Honeywell | M20: ='Contract Data'!I7 -> 6
A21: ='Contract Data'!B4 -> Siemens Healthineers | B21: ='Contract Data'!F4 -> 120 | C21: ='Contract Data'!#REF! -> #REF! | E21: ='Contract Data'!B4 -> Siemens Healthineers | F21: ='Contract Data'!H4 -> 0.32 | L21: ='Contract Data'!B8 -> HPE | M21: ='Contract Data'!I8 -> 3
A22: ='Contract Data'!B5 -> Mahindra & Mahindra | B22: ='Contract Data'!F5 -> 80 | C22: ='Contract Data'!#REF! -> #REF! | E22: ='Contract Data'!B5 -> Mahindra & Mahindra | F22: ='Contract Data'!H5 -> 0.28
A23: ='Contract Data'!B6 -> Wipro Limited | B23: ='Contract Data'!F6 -> 60 | C23: ='Contract Data'!#REF! -> #REF! | E23: ='Contract Data'!B6 -> Wipro Limited | F23: ='Contract Data'!H6 -> 0.3
A24: ='Contract Data'!B7 -> Honeywell | B24: ='Contract Data'!F7 -> 95 | C24: ='Contract Data'!#REF! -> #REF! | E24: ='Contract Data'!B7 -> Honeywell | F24: ='Contract Data'!H7 -> 0.35
A25: ='Contract Data'!B8 -> HPE | B25: ='Contract Data'!F8 -> 50 | C25: ='Contract Data'!#REF! -> #REF! | E25: ='Contract Data'!B8 -> HPE | F25: ='Contract Data'!H8 -> 0.25

Sheet Contract Data
A1: CONTRACT INFORMATION TRACKER
A2: Taggd RPO — Client Contract Repository
A3: # | B3: Customer | C3: Account Type | D3: Date of Signing | E3: Renewal Date | F3: Signed ACV (₹L) | G3: Current Status | H3: Signed CM% | I3: HC (Headcount) | J3: Hiring Volume | K3: Taggd Source MIX | L3: Other Source Mix | M3: Overall RPH | N3: Overall RPH Number | O3: MMF | P3: Opening Fee | Q3: Payment Terms | R3: Pricing Model | S3: Detail | T3: Remarks
A4: 1 | B4: Siemens Healthineers | C4: RPO | D4: 01-Apr-2024 | E4: 31-Mar-2025 | F4: 120 | G4: Active | H4: 0.32 | I4: 8 | O4: Yes | P4: Yes | S4: Attached Contract Copy | T4: Renewal in discussion | W4: %
A5: 2 | B5: Mahindra & Mahindra | D5: 15-Jun-2024 | E5: 14-Jun-2025 | F5: 80 | G5: Active | H5: 0.28 | I5: 5 | O5: No | P5: No | S5: Attached Contract Copy | W5: Absolute
A6: 3 | B6: Wipro Limited | D6: 01-Jan-2024 | E6: 31-Dec-2024 | F6: 60 | G6: Renewed | H6: 0.3 | I6: 4 | S6: Attached Contract Copy | T6: Auto-renewed at +8%
A7: 4 | B7: Honeywell | D7: 01-Jul-2024 | E7: 30-Jun-2025 | F7: 95 | G7: Active | H7: 0.35 | I7: 6 | S7: Attached Contract Copy
A8: 5 | B8: HPE | D8: 01-Mar-2024 | E8: 28-Feb-2025 | F8: 50 | G8: Expired | H8: 0.25 | I8: 3 | S8: Attached Contract Copy | T8: Follow-up required
A9: TOTALS / AVERAGES | E9: =SUM(F4:F8) -> 405 | F9: =SUM(F4:F8) -> 405 | H9: =AVERAGE(H4:H8) -> 0.3 | I9: =SUM(I4:I8) -> 26
A11: STATUS LEGEND
A12: Active | B12: Renewed | D12: Expired
B16: RPO
B17: Leadership
B18: Exclusive
B19: Middle East

Sheet Sign-UpRenewal
A1: Project Sign-Up / Renewal Details
A3: Project ID | B3: Customer Name | C3: Project Name | D3: SBU / BU | E3: Practice Head | F3: Contract Type | G3: Contract Start Date | H3: Contract End Date | I3: Duration (Months) | J3: Renewal Reminder Date | K3: Pricing Model | L3: Agreed Rate / Fee (₹) | M3: Est. Annual Value (₹) | N3: Payment Terms | O3: SOW / MSA (Ref) | P3: SLA Terms Summary | Q3: Positions Contracted | R3: Positions Filled | S3: Renewal Status | T3: Reason for Lapse/Loss | U3: Client Sign-Off Authority | V3: Internal Sign-Off | W3: Revenue Run Rate (₹/Month)
