Workbook

Sheet Note
B2: ## | C2: Metrics | D2: Formula | E2: Value | F2: Remarks | G2: Input data
B3: 1 | C3: Revenue | E3: in lacs | G3: Finance or Ops Tracker
B4: 2 | C4: Productivity | E4: in lacs
B5: 3 | C5: Ideal Headcount | D5: Revenue/Prodcutivity | E5: Count
B6: 4 | C6: Current Headcount | E6: Count | F6: Actual emp in the system | G6: From HRMS Portal
B7: 5 | C7: Additional Headcount | E7: Count | F7: Vendor Headcount (HR Guru, Lyftr etc) | G7: Ops Team share Client wise
B8: 6 | C8: Open Position | E8: Count | G8: HR - Recruitment Tracker
B9: 7 | C9: Existing Resignation | E9: Count | F9: Currently serving notice period | G9: From HRMS Portal
B12: Final Variance | C12: Ideal Headcount -(Current Headcount + Open Position + Additional Headcount Vendor - Existing Resignation)
C16: Work Level / Band | D16: Description | H16: Ideal Headcount
C17: WL1 | D17: Recruiter/Sourcer/Onboarding Spoc | H17: Revenue/Productivity
C18: WL2 | D18: Manager ( Assistant Manager/Manager/Senior Manager) | H18: WL1 Headcount / 8
C19: WL3 | D19: Practice Head (Service Delivery Leader/ Associate Vice President) | H19: WL2 Headcount / 8
C20: WL4 | D20: Leader (Vice President/ Senior Vice President) | H20: WL3 Headcount / 8

Sheet HC_Summary Excluding Optum
A1: Summary Excluding Optum | B1: 45951 | C1: 45973 | D1: 45988 | E1: 45994 | F1: 46002 | G1: 46009 | H1: 46038 | I1: 46052 | J1: 46070
A2: Existing Headcount (including HR Guru & Lyftr resources - 35) | B2: 539 | C2: 538 | D2: 544 | E2: 539 | F2: 548 | G2: 548 | H2: 563 | I2: =545+35 -> 580 | J2: =548+35 -> 583
A3: Number of Replacement positions including resignation | B3: 20 | C3: 19 | D3: 21 | E3: 26 | F3: 31 | G3: 29 | H3: 26 | I3: 15 | J3: 8
A4: Number of New Hires | B4: 47 | C4: 31 | D4: 17 | E4: 31 | F4: 29 | G4: 35 | H4: 36 | I4: 55 | J4: 44
A5: Overall Numbers | B5: =SUM(B2:B4) -> 606 | C5: =SUM(C2:C4) -> 588 | D5: =SUM(D2:D4) -> 582 | E5: =SUM(E2:E4) -> 596 | F5: =SUM(F2:F4) -> 608 | G5: =SUM(G2:G4) -> 612 | H5: =SUM(H2:H4) -> 625 | I5: =SUM(I2:I4) -> 650 | J5: =SUM(J2:J4) -> 635
A6: Number of resignation | B6: 12 | C6: 16 | D6: 20 | E6: 22 | F6: 26 | G6: 24 | H6: 18 | I6: 17 | J6: 18
A8: Ideal HC as per productivity | B8: 436 | C8: 436 | D8: 438 | E8: 431 | F8: 440 | G8: 488 | H8: 537 | I8: 537 | J8: 505
A9: Net Variance (after excluding resignations) | B9: =B5-B8-B6 -> 158 | C9: =C5-C8-C6 -> 136 | D9: =D5-D8-D6 -> 124 | E9: =E5-E8-E6 -> 143 | F9: =F5-F8-F6 -> 142 | G9: =G5-G8-G6 -> 100 | H9: =H5-H8-H6 -> 70 | I9: =I5-I8-I6 -> 96 | J9: =J5-J8-J6 -> 112
A10: Variance from last update | C10: =C9-B9 -> -22 | D10: =D9-C9 -> -12 | E10: =E9-D9 -> 19 | F10: =F9-E9 -> -1 | G10: =G9-F9 -> -42 | H10: =H9-G9 -> -30 | I10: =I9-H9 -> 26 | J10: =J9-I9 -> 16

Sheet Mapping
A1: Project as per EDB | B1: RH | C1: PH | D1: Region
A2: Honeywell | B2: Sulabh Arora | C2: Bapi Reddy Medapati | D2: South
A3: Pfizer | B3: Anjli Zutshi | C3: Usha Babu Shetty | D3: West
A4: Tata Motors | B4: Anjli Zutshi | C4: Shweta Shalini | D4: West
A5: Tata Power | B5: Anjli Zutshi | C5: Elton Francis Isaac | D5: West
A6: SKF India | B6: Anjli Zutshi | C6: Natasha Mehta | D6: North
A7: Siemens | B7: Sulabh Arora | C7: Sulabh Arora | D7: South
A8: Bosch | B8: Sulabh Arora | C8: Sulabh Arora | D8: South
A9: Pidilite | B9: Anjli Zutshi | C9: Usha Babu Shetty | D9: West
A10: Vertiv | B10: Anjli Zutshi | C10: Shweta Shalini | D10: West
A11: Birla Paints | B11: Anjli Zutshi | C11: Geetu Lalwani | D11: West
A12: Ingram Micro | B12: Anjli Zutshi | C12: Usha Babu Shetty | D12: West
... A60: Digitization | B60: Manish Gupta | C60: Ashish Kapur | D60: Platform

Sheet HC Projection Including Optum
E3: Headcount Projection (Ops including Optum)
E4: Target | F4: 456 | G4: 456 | H4: 456
E5: Category | F5: 46054 | G5: =EOMONTH(F5,1) -> 46112 | H5: =EOMONTH(G5,1) -> 46142
E6: HC on the opening on the month | F6: 562 | G6: =F18 -> 618 | H6: =G18 -> 638
E7: HR Guru + Lyftr | F7: =33+3 -> 36 | G7: 40 | H7: 40
D8: A | E8: Total No. of Resignations (as on date) | F8: 20 | G8: 15 | H8: 15
E9: Total No. of Exits (till date) | F9: 3 | G9: 5 | H9: 12
E10: No. of People from resignations who will leave within this month | F10: 5 | G10: 13 | H10: 2
D11: B | E11: Total Open Positions as on date(Approved/Unapproved) | F11: 52
E12: YTJ as on date | F12: =7+3 -> 10 | G12: =3+25 -> 28 | H12: =1+13 -> 14
E13: Already Joined in the month | F13: 18
D14: C | E14: No. of PIP Initiated (Not Resigned) | F14: 0
E15: No. of people exited/to be exited from PIP cases (not part of resignation) in the month | F15: 0
E16: People in Talent Pool (Not Resigned) | F16: 0
E17: No. of exit from Talent Pool in the month | F17: 0
E18: Closing HC | F18: =F6-F9-F10+F12+F13-F15-F17+F7 -> 618 | G18: =G6-G9-G10+G12+G13-G15-G17+10 -> 638 | H18: =H6-H9-H10+H12+H13-H15-H17 -> 638
E19: Cost in the Quarter | F19: =F18+10 -> 628 | G19: =G18+10 -> 648 | H19: =H18+10 -> 648
E21: Variannce | F21: =F4-F19 -> -172 | G21: =G4-G19 -> -192 | H21: =H4-H19 -> -192

Sheet Projected HC - FY26 (Q4)
J1: FY26 | K1: Revenue | M1: Lateral HC | P1: Productivity | Q1: Ideal HC as per Productivity | W1: Current HC as per HRMS | AD1: Additional Headcount | AF1: Open Position | AI1: Open Positions
K2: =SUM(K4:K55) -> 2662.566 | N2: 1.5163834 | O2: 1.53 | P2: =AVERAGE(P4:P55) -> 2.0129708 | Q2: =IFERROR(K2/(P2*3),"") -> 440.90158 | R2: =IFERROR(Q2/8,"") -> 55.112697 | S2: =IFERROR(R2/8,"") -> 6.8890872 | T2: =IFERROR(S2/3,"") -> 2.2963624 | U2: =SUM(Q2:T2) -> 505.19973 | W2: =SUM(W4:W55) -> 428 | X2: =SUM(X4:X55) -> 104 | Y2: =SUM(Y4:Y55) -> 14 | Z2: =SUM(Z4:Z55) -> 2 | AA2: =SUM(AA4:AA55) -> 548 | AB2: =U2-AA2 -> -42.800274 | AD2: =SUM(AD4:AD52) -> 35 | AF2: =SUM(AF4:AF54) -> 8 | AG2: =SUM(AG4:AG54) -> 44 | AI2: =SUM(AI4:AI54) -> 39 | AJ2: =SUM(AJ4:AJ54) -> 9 | AK2: =SUM(AK4:AK54) -> 4 | AL2: =SUM(AL4:AL54) -> 0 | AM2: =SUM(AI2:AL2) -> 52 | AN2: =SUM(AN4:AN52) -> 7 | AO2: =SUM(AO4:AO52) -> 18 | AP2: =U2-(AA2+AM2+AD2-AO2) -> -111.80027
A3: Project Code | B3: Project | C3: Project | D3: Industry | E3: Signup Date | F3: Expiry Date | G3: RH | H3: PH | I3: Region | J3: RPH/CPH | K3: Q4 | N3: FY24-25 Productivity | O3: Productivity (H1) | P3: Q4 | Q3: WL1 | R3: WL2 | S3: WL3 | T3: WL4 | U3: Total HC | W3: WL1 | X3: WL2 | Y3: WL3 | Z3: WL4 | AA3: Overall HC | AB3: Variance | AD3: HC for HR Guru + Lyftr | AF3: Replacement | AG3: New | AI3: Open Positions - WL1 | AJ3: Open Positions - WL2 | AK3: Open Positions - WL3 | AL3: Open Positions - WL4 | AM3: Total Open Positions | AN3: Replacement Exited | AO3: Existing Resignation | AP3: HC Variance After Hiring
A4: CNO0000033 | B4: Honeywell | C4: Honeywell | D4: Engineering | E4: 42097 | F4: 46112 | G4: Sulabh Arora | H4: Bapi Reddy Medapati | I4: South | J4: =IFERROR(VLOOKUP(C4,CPH!$A:$E,5,0),"") -> 43500 | K4: 485.16598 | N4: 2.6 | O4: 2.5 | P4: =IFERROR(N4*1.3,1.8) -> 3.38 | Q4: =IFERROR(K4/(P4*3),"") -> 47.846744 | R4: =IFERROR(Q4/8,"") -> 5.9808429 | S4: =IFERROR(R4/8,"") -> 0.74760537 | T4: =IFERROR(S4/3,"") -> 0.24920179 | U4: =SUM(Q4:T4) -> 54.824394 | W4: =IFERROR(VLOOKUP($C4,'HC & Open Position'!$D:$J,MATCH(W$3,'HC & Open Position'!$D$3:$J$3,1),0),"") -> 37 | X4: =IFERROR(VLOOKUP($C4,'HC & Open Position'!$D:$J,MATCH(X$3,'HC & Open Position'!$D$3:$J$3,1),0),"") -> 22 | Y4: =IFERROR(VLOOKUP($C4,'HC & Open Position'!$D:$J,MATCH(Y$3,'HC & Open Position'!$D$3:$J$3,1),0),"") -> 1 | Z4: =IFERROR(VLOOKUP($C4,'HC & Open Position'!$D:$J,MATCH(Z$3,'HC & Open Position'!$D$3:$J$3,1),0),"") -> 0 | AA4: =SUM(W4:Z4) -> 60 | AB4: =U4-AA4 -> -5.1756063 | AI4: =IFERROR(VLOOKUP($C4,'HC & Open Position'!$D$3:$P$55,9,0),"") -> 0 | AJ4: =IFERROR(VLOOKUP($C4,'HC & Open Position'!$D$3:$P$55,10,0),"") -> 0 | AK4: =IFERROR(VLOOKUP($C4,'HC & Open Position'!$D$3:$P$55,11,0),"") -> 0 | AL4: =IFERROR(VLOOKUP($C4,'HC & Open Position'!$D$3:$P$55,12,0),"") -> 0 | AM4: =SUM(AI4:AL4) -> 0 | AO4: 2 | AP4: =U4-SUM(AA4+AM4+AD4-AO4) -> -3.1756063
A5: CNO0000127 | B5: Pfizer | C5: Pfizer | D5: Pharma | E5: 43286 | F5: 45504 | G5: Anjli Zutshi | H5: Usha Babu Shetty | I5: West | J5: =IFERROR(VLOOKUP(C5,CPH!$A:$E,5,0),"") -> 74000 | K5: 20.6 | N5: 1.5896958 | O5: 1.1865639 | P5: =IFERROR(N5*1.3,1.8) -> 2.0666045 | Q5: =IFERROR(K5/(P5*3),"") -> 3.3226805 | R5: =IFERROR(Q5/8,"") -> 0.41533507 | S5: =IFERROR(R5/8,"") -> 0.051916883 | T5: =IFERROR(S5/3,"") -> 0.017305628 | U5: =SUM(Q5:T5) -> 3.8072381 | W5: =IFERROR(VLOOKUP($C5,'HC & Open Position'!$D:$J,MATCH(W$3,'HC & Open Position'!$D$3:$J$3,1),0),"") -> 4 | X5: =IFERROR(VLOOKUP($C5,'HC & Open Position'!$D:$J,MATCH(X$3,'HC & Open Position'!$D$3:$J$3,1),0),"") -> 1 | Y5: =IFERROR(VLOOKUP($C5,'HC & Open Position'!$D:$J,MATCH(Y$3,'HC & Open Position'!$D$3:$J$3,1),0),"") -> 0 | Z5: =IFERROR(VLOOKUP($C5,'HC & Open Position'!$D:$J,MATCH(Z$3,'HC & Open Position'!$D$3:$J$3,1),0),"") -> 0 | AA5: =SUM(W5:Z5) -> 5 | AB5: =U5-AA5 -> -1.1927619 | AG5: 1 | AI5: =IFERROR(VLOOKUP($C5,'HC & Open Position'!$D$3:$P$55,9,0),"") -> 0 | AJ5: =IFERROR(VLOOKUP($C5,'HC & Open Position'!$D$3:$P$55,10,0),"") -> 1 | AK5: =IFERROR(VLOOKUP($C5,'HC & Open Position'!$D$3:$P$55,11,0),"") -> 0 | AL5: =IFERROR(VLOOKUP($C5,'HC & Open Position'!$D$3:$P$55,12,0),"") -> 0 | AM5: =SUM(AI5:AL5) -> 1 | AP5: =U5-SUM(AA5+AM5+AD5-AO5) -> -2.1927619 | AR5: Target HC
A6: CNO0000067 | B6: SKF | C6: SKF India | D6: Pharma | E6: 44866 | F6: 45322 | G6: Anjli Zutshi | H6: Natasha Mehta | I6: North | J6: =IFERROR(VLOOKUP(C6,CPH!$A:$E,5,0),"") -> 83000 | K6: 47 | N6: 1.8 | O6: 1.2574501 | P6: 1.8 | Q6: =IFERROR(K6/(P6*3),"") -> 8.7037037 | R6: =IFERROR(Q6/8,"") -> 1.087963 | S6: =IFERROR(R6/8,"") -> 0.13599537 | T6: =IFERROR(S6/3,"") -> 0.04533179 | U6: =SUM(Q6:T6) -> 9.9729938 | W6: =IFERROR(VLOOKUP($C6,'HC & Open Position'!$D:$J,MATCH(W$3,'HC & Open Position'!$D$3:$J$3,1),0),"") -> 11 | X6: =IFERROR(VLOOKUP($C6,'HC & Open Position'!$D:$J,MATCH(X$3,'HC & Open Position'!$D$3:$J$3,1),0),"") -> 4 | Y6: =IFERROR(VLOOKUP($C6,'HC & Open Position'!$D:$J,MATCH(Y$3,'HC & Open Position'!$D$3:$J$3,1),0),"") -> 1 | Z6: =IFERROR(VLOOKUP($C6,'HC & Open Position'!$D:$J,MATCH(Z$3,'HC & Open Position'!$D$3:$J$3,1),0),"") -> 0 | AA6: =SUM(W6:Z6) -> 16 | AB6: =U6-AA6 -> -6.0270062 | AI6: =IFERROR(VLOOKUP($C6,'HC & Open Position'!$D$3:$P$55,9,0),"") -> 0 | AJ6: =IFERROR(VLOOKUP($C6,'HC & Open Position'!$D$3:$P$55,10,0),"") -> 0 | AK6: =IFERROR(VLOOKUP($C6,'HC & Open Position'!$D$3:$P$55,11,0),"") -> 0 | AL6: =IFERROR(VLOOKUP($C6,'HC & Open Position'!$D$3:$P$55,12,0),"") -> 0 | AM6: =SUM(AI6:AL6) -> 0 | AO6: 1 | AP6: =U6-SUM(AA6+AM6+AD6-AO6) -> -5.0270062 | AQ6: + | AR6: Actual HC
A7: CNO0000065 | B7: Siemens | C7: Siemens | D7: Engineering | E7: 44287 | F7: 45350 | G7: Sulabh Arora | H7: Sulabh Arora | I7: South | J7: =IFERROR(VLOOKUP(C7,CPH!$A:$E,5,0),"") -> 32000 | K7: 77.1 | N7: 1.7 | O7: 1.75 | P7: =IFERROR(N7*1.3,1.8) -> 2.21 | Q7: =IFERROR(K7/(P7*3),"") -> 11.628959 | R7: =IFERROR(Q7/8,"") -> 1.4536199 | S7: =IFERROR(R7/8,"") -> 0.18170249 | T7: =IFERROR(S7/3,"") -> 0.060567496 | U7: =SUM(Q7:T7) -> 13.324849 | W7: =IFERROR(VLOOKUP($C7,'HC & Open Position'!$D:$J,MATCH(W$3,'HC & Open Position'!$D$3:$J$3,1),0),"") -> 12 | X7: =IFERROR(VLOOKUP($C7,'HC & Open Position'!$D:$J,MATCH(X$3,'HC & Open Position'!$D$3:$J$3,1),0),"") -> 2 | Y7: =IFERROR(VLOOKUP($C7,'HC & Open Position'!$D:$J,MATCH(Y$3,'HC & Open Position'!$D$3:$J$3,1),0),"") -> 0 | Z7: =IFERROR(VLOOKUP($C7,'HC & Open Position'!$D:$J,MATCH(Z$3,'HC & Open Position'!$D$3:$J$3,1),0),"") -> 0 | AA7: =SUM(W7:Z7) -> 14 | AB7: =U7-AA7 -> -0.67515083 | AD7: 2 | AI7: =IFERROR(VLOOKUP($C7,'HC & Open Position'!$D$3:$P$55,9,0),"") -> 0 | AJ7: =IFERROR(VLOOKUP($C7,'HC & Open Position'!$D$3:$P$55,10,0),"") -> 0 | AK7: =IFERROR(VLOOKUP($C7,'HC & Open Position'!$D$3:$P$55,11,0),"") -> 0 | AL7: =IFERROR(VLOOKUP($C7,'HC & Open Position'!$D$3:$P$55,12,0),"") -> 0 | AM7: =SUM(AI7:AL7) -> 0 | AP7: =U7-SUM(AA7+AM7+AD7-AO7) -> -2.6751508 | AQ7: + | AR7: Open Position
B8: Siemens Healthineers | C8: Siemens Healthineers | G8: Sulabh Arora | H8: Sulabh Arora | I8: South | K8: 9.45 | N8: 1.7 | O8: 0.6 | P8: =IFERROR(N8*1.3,1.8) -> 2.21 | Q8: =IFERROR(K8/(P8*3),"") -> 1.4253394 | R8: =IFERROR(Q8/8,"") -> 0.17816742 | S8: =IFERROR(R8/8,"") -> 0.022270928 | T8: =IFERROR(S8/3,"") -> 0.0074236425 | U8: =SUM(Q8:T8) -> 1.6332014 | W8: =IFERROR(VLOOKUP($C8,'HC & Open Position'!$D:$J,MATCH(W$3,'HC & Open Position'!$D$3:$J$3,1),0),"") -> 4 | X8: =IFERROR(VLOOKUP($C8,'HC & Open Position'!$D:$J,MATCH(X$3,'HC & Open Position'!$D$3:$J$3,1),0),"") -> 2 | Y8: =IFERROR(VLOOKUP($C8,'HC & Open Position'!$D:$J,MATCH(Y$3,'HC & Open Position'!$D$3:$J$3,1),0),"") -> 0 | Z8: =IFERROR(VLOOKUP($C8,'HC & Open Position'!$D:$J,MATCH(Z$3,'HC & Open Position'!$D$3:$J$3,1),0),"") -> 0 | AA8: =SUM(W8:Z8) -> 6 | AB8: =U8-AA8 -> -4.3667986 | AI8: =IFERROR(VLOOKUP($C8,'HC & Open Position'!$D$3:$P$55,9,0),"") -> 0 | AJ8: =IFERROR(VLOOKUP($C8,'HC & Open Position'!$D$3:$P$55,10,0),"") -> 0 | AK8: =IFERROR(VLOOKUP($C8,'HC & Open Position'!$D$3:$P$55,11,0),"") -> 0 | AL8: =IFERROR(VLOOKUP($C8,'HC & Open Position'!$D$3:$P$55,12,0),"") -> 0 | AM8: =SUM(AI8:AL8) -> 0 | AP8: =U8-SUM(AA8+AM8+AD8-AO8) -> -4.3667986 | AQ8: + | AR8: Additonal Vendor Support
A9: CNO0000093 | B9: Pidilite | C9: Pidilite | D9: Manufacturing | E9: 44978 | F9: 46073 | G9: Anjli Zutshi | H9: Usha Babu Shetty | I9: West | J9: =IFERROR(VLOOKUP(C9,CPH!$A:$E,5,0),"") -> 21000 | K9: 17.54 | N9: 0.9 | O9: 1.1922184 | P9: 1.5 | Q9: =IFERROR(K9/(P9*3),"") -> 3.8977778 | R9: =IFERROR(Q9/8,"") -> 0.48722222 | S9: =IFERROR(R9/8,"") -> 0.060902778 | T9: =IFERROR(S9/3,"") -> 0.020300926 | U9: =SUM(Q9:T9) -> 4.4662037 | W9: =IFERROR(VLOOKUP($C9,'HC & Open Position'!$D:$J,MATCH(W$3,'HC & Open Position'!$D$3:$J$3,1),0),"") -> 9 | X9: =IFERROR(VLOOKUP($C9,'HC & Open Position'!$D:$J,MATCH(X$3,'HC & Open Position'!$D$3:$J$3,1),0),"") -> 0 | Y9: =IFERROR(VLOOKUP($C9,'HC & Open Position'!$D:$J,MATCH(Y$3,'HC & Open Position'!$D$3:$J$3,1),0),"") -> 1 | Z9: =IFERROR(VLOOKUP($C9,'HC & Open Position'!$D:$J,MATCH(Z$3,'HC & Open Position'!$D$3:$J$3,1),0),"") -> 0 | AA9: =SUM(W9:Z9) -> 10 | AB9: =U9-AA9 -> -5.5337963 | AF9: 1 | AG9: 2 | AI9: =IFERROR(VLOOKUP($C9,'HC & Open Position'!$D$3:$P$55,9,0),"") -> 3 | AJ9: =IFERROR(VLOOKUP($C9,'HC & Open Position'!$D$3:$P$55,10,0),"") -> 0 | AK9: =IFERROR(VLOOKUP($C9,'HC & Open Position'!$D$3:$P$55,11,0),"") -> 0 | AL9: =IFERROR(VLOOKUP($C9,'HC & Open Position'!$D$3:$P$55,12,0),"") -> 0 | AM9: =SUM(AI9:AL9) -> 3 | AN9: 1 | AP9: =U9-SUM(AA9+AM9+AD9-AO9) -> -8.5337963 | AQ9: - | AR9: Existing Resignaton
A10: CNO0000106 | B10: Vertiv | C10: Vertiv | D10: Energy | E10: 44405 | F10: 45818 | G10: Anjli Zutshi | H10: Shweta Shalini | I10: West | J10: =IFERROR(VLOOKUP(C10,CPH!$A:$E,5,0),"") -> 60000 | K10: 17.8 | N10: 1.1 | O10: 2.66 | P10: 2.8 | Q10: =IFERROR(K10/(P10*3),"") -> 2.1190476 | R10: =IFERROR(Q10/8,"") -> 0.26488095 | S10: =IFERROR(R10/8,"") -> 0.033110119 | T10: =IFERROR(S10/3,"") -> 0.011036706 | U10: =SUM(Q10:T10) -> 2.4280754 | W10: =IFERROR(VLOOKUP($C10,'HC & Open Position'!$D:$J,MATCH(W$3,'HC & Open Position'!$D$3:$J$3,1),0),"") -> 2 | X10: =IFERROR(VLOOKUP($C10,'HC & Open Position'!$D:$J,MATCH(X$3,'HC & Open Position'!$D$3:$J$3,1),0),"") -> 1 | Y10: =IFERROR(VLOOKUP($C10,'HC & Open Position'!$D:$J,MATCH(Y$3,'HC & Open Position'!$D$3:$J$3,1),0),"") -> 0 | Z10: =IFERROR(VLOOKUP($C10,'HC & Open Position'!$D:$J,MATCH(Z$3,'HC & Open Position'!$D$3:$J$3,1),0),"") -> 0 | AA10: =SUM(W10:Z10) -> 3 | AB10: =U10-AA10 -> -0.5719246 | AI10: =IFERROR(VLOOKUP($C10,'HC & Open Position'!$D$3:$P$55,9,0),"") -> 0 | AJ10: =IFERROR(VLOOKUP($C10,'HC & Open Position'!$D$3:$P$55,10,0),"") -> 0 | AK10: =IFERROR(VLOOKUP($C10,'HC & Open Position'!$D$3:$P$55,11,0),"") -> 0 | AL10: =IFERROR(VLOOKUP($C10,'HC & Open Position'!$D$3:$P$55,12,0),"") -> 0 | AM10: =SUM(AI10:AL10) -> 0 | AP10: =U10-SUM(AA10+AM10+AD10-AO10) -> -0.5719246
A11: CNO0000020 | B11: Birla Paints | C11: Birla Paints | D11: Manufacturing | E11: 44574 | F11: 45303 | G11: Anjli Zutshi | H11: Geetu Lalwani | I11: West | J11: =IFERROR(VLOOKUP(C11,CPH!$A:$E,5,0),"") -> 26600 | K11: 40.64 | N11: 1.3330352 | O11: 1.2710224 | P11: =IFERROR(N11*1.3,1.8) -> 1.7329457 | Q11: =IFERROR(K11/(P11*3),"") -> 7.8171327 | R11: =IFERROR(Q11/8,"") -> 0.97714159 | S11: =IFERROR(R11/8,"") -> 0.1221427 | T11: =IFERROR(S11/3,"") -> 0.040714233 | U11: =SUM(Q11:T11) -> 8.9571312 | W11: =IFERROR(VLOOKUP($C11,'HC & Open Position'!$D:$J,MATCH(W$3,'HC & Open Position'!$D$3:$J$3,1),0),"") -> 10 | X11: =IFERROR(VLOOKUP($C11,'HC & Open Position'!$D:$J,MATCH(X$3,'HC & Open Position'!$D$3:$J$3,1),0),"") -> 1 | Y11: =IFERROR(VLOOKUP($C11,'HC & Open Position'!$D:$J,MATCH(Y$3,'HC & Open Position'!$D$3:$J$3,1),0),"") -> 0 | Z11: =IFERROR(VLOOKUP($C11,'HC & Open Position'!$D:$J,MATCH(Z$3,'HC & Open Position'!$D$3:$J$3,1),0),"") -> 0 | AA11: =SUM(W11:Z11) -> 11 | AB11: =U11-AA11 -> -2.0428688 | AD11: 1 | AG11: 2 | AI11: =IFERROR(VLOOKUP($C11,'HC & Open Position'!$D$3:$P$55,9,0),"") -> 2 | AJ11: =IFERROR(VLOOKUP($C11,'HC & Open Position'!$D$3:$P$55,10,0),"") -> 0 | AK11: =IFERROR(VLOOKUP($C11,'HC & Open Position'!$D$3:$P$55,11,0),"") -> 0 | AL11: =IFERROR(VLOOKUP($C11,'HC & Open Position'!$D$3:$P$55,12,0),"") -> 0 | AM11: =SUM(AI11:AL11) -> 2 | AO11: 2 | AP11: =U11-SUM(AA11+AM11+AD11-AO11) -> -3.0428688
A12: CNO0000041 | B12: Ingram Micro | C12: Ingram Micro | D12: IT | E12: 44593 | F12: 45688 | G12: Anjli Zutshi | H12: Usha Babu Shetty | I12: North | J12: =IFERROR(VLOOKUP(C12,CPH!$A:$E,5,0),"") -> 45000 | K12: -2.25 | N12: 1.9763086 | O12: 0.54495357 | P12: =IFERROR(N12*1.3,1.8) -> 2.5692011 | Q12: =IFERROR(K12/(P12*3),"") -> -0.29191954 | R12: =IFERROR(Q12/8,"") -> -0.036489942 | S12: =IFERROR(R12/8,"") -> -0.0045612427 | T12: =IFERROR(S12/3,"") -> -0.0015204142 | U12: =SUM(Q12:T12) -> -0.33449113 | W12: =IFERROR(VLOOKUP($C12,'HC & Open Position'!$D:$J,MATCH(W$3,'HC & Open Position'!$D$3:$J$3,1),0),"") -> 1 | X12: =IFERROR(VLOOKUP($C12,'HC & Open Position'!$D:$J,MATCH(X$3,'HC & Open Position'!$D$3:$J$3,1),0),"") -> 0 | Y12: =IFERROR(VLOOKUP($C12,'HC & Open Position'!$D:$J,MATCH(Y$3,'HC & Open Position'!$D$3:$J$3,1),0),"") -> 0 | Z12: =IFERROR(VLOOKUP($C12,'HC & Open Position'!$D:$J,MATCH(Z$3,'HC & Open Position'!$D$3:$J$3,1),0),"") -> 0 | AA12: =SUM(W12:Z12) -> 1 | AB12: =U12-AA12 -> -1.3344911 | AI12: =IFERROR(VLOOKUP($C12,'HC & Open Position'!$D$3:$P$55,9,0),"") -> 0 | AJ12: =IFERROR(VLOOKUP($C12,'HC & Open Position'!$D$3:$P$55,10,0),"") -> 0 | AK12: =IFERROR(VLOOKUP($C12,'HC & Open Position'!$D$3:$P$55,11,0),"") -> 0 | AL12: =IFERROR(VLOOKUP($C12,'HC & Open Position'!$D$3:$P$55,12,0),"") -> 0 | AM12: =SUM(AI12:AL12) -> 0 | AP12: =U12-SUM(AA12+AM12+AD12-AO12) -> -1.3344911
A13: CNO0000028 | B13: HP | C13: HPE | D13: IT | E13: 44635 | F13: - | G13: Mahak Kaura Mata | H13: Mahak Kaura Mata | I13: South | J13: =IFERROR(VLOOKUP(C13,CPH!$A:$E,5,0),"") -> 54000 | K13: 430 | N13: 2.1443547 | O13: 1.5963807 | P13: =IFERROR(N13*1.3,1.8) -> 2.7876611 | Q13: =IFERROR(K13/(P13*3),"") -> 51.417058 | R13: =IFERROR(Q13/8,"") -> 6.4271323 | S13: =IFERROR(R13/8,"") -> 0.80339153 | T13: =IFERROR(S13/3,"") -> 0.26779718 | U13: =SUM(Q13:T13) -> 58.915379 | W13: =IFERROR(VLOOKUP($C13,'HC & Open Position'!$D:$J,MATCH(W$3,'HC & Open Position'!$D$3:$J$3,1),0),"") -> 33 | X13: =IFERROR(VLOOKUP($C13,'HC & Open Position'!$D:$J,MATCH(X$3,'HC & Open Position'!$D$3:$J$3,1),0),"") -> 13 | Y13: =IFERROR(VLOOKUP($C13,'HC & Open Position'!$D:$J,MATCH(Y$3,'HC & Open Position'!$D$3:$J$3,1),0),"") -> 2 | Z13: =IFERROR(VLOOKUP($C13,'HC & Open Position'!$D:$J,MATCH(Z$3,'HC & Open Position'!$D$3:$J$3,1),0),"") -> 0 | AA13: =SUM(W13:Z13) -> 48 | AB13: =U13-AA13 -> 10.915379 | AI13: =IFERROR(VLOOKUP($C13,'HC & Open Position'!$D$3:$P$55,9,0),"") -> 0 | AJ13: =IFERROR(VLOOKUP($C13,'HC & Open Position'!$D$3:$P$55,10,0),"") -> 0 | AK13: =IFERROR(VLOOKUP($C13,'HC & Open Position'!$D$3:$P$55,11,0),"") -> 0 | AL13: =IFERROR(VLOOKUP($C13,'HC & Open Position'!$D$3:$P$55,12,0),"") -> 0 | AM13: =SUM(AI13:AL13) -> 0 | AP13: =U13-SUM(AA13+AM13+AD13-AO13) -> 10.915379
A14: CNO0000077 | B14: Isuzu | C14: Isuzu | D14: Auto | E14: 44643 | F14: 45738 | G14: Sulabh Arora | H14: Sulabh Arora | I14: South | J14: =IFERROR(VLOOKUP(C14,CPH!$A:$E,5,0),"") -> 69000 | K14: 18.84 | N14: 3.0824875 | O14: 1.7737018 | P14: =IFERROR(N14*1.3,1.8) -> 4.0072338 | Q14: =IFERROR(K14/(P14*3),"") -> 1.5671659 | R14: =IFERROR(Q14/8,"") -> 0.19589573 | S14: =IFERROR(R14/8,"") -> 0.024486967 | T14: =IFERROR(S14/3,"") -> 0.0081623223 | U14: =SUM(Q14:T14) -> 1.7957109 | W14: =IFERROR(VLOOKUP($C14,'HC & Open Position'!$D:$J,MATCH(W$3,'HC & Open Position'!$D$3:$J$3,1),0),"") -> 2 | X14: =IFERROR(VLOOKUP($C14,'HC & Open Position'!$D:$J,MATCH(X$3,'HC & Open Position'!$D$3:$J$3,1),0),"") -> 1 | Y14: =IFERROR(VLOOKUP($C14,'HC & Open Position'!$D:$J,MATCH(Y$3,'HC & Open Position'!$D$3:$J$3,1),0),"") -> 0 | Z14: =IFERROR(VLOOKUP($C14,'HC & Open Position'!$D:$J,MATCH(Z$3,'HC & Open Position'!$D$3:$J$3,1),0),"") -> 0 | AA14: =SUM(W14:Z14) -> 3 | AB14: =U14-AA14 -> -1.2042891 | AI14: =IFERROR(VLOOKUP($C14,'HC & Open Position'!$D$3:$P$55,9,0),"") -> 0 | AJ14: =IFERROR(VLOOKUP($C14,'HC & Open Position'!$D$3:$P$55,10,0),"") -> 0 | AK14: =IFERROR(VLOOKUP($C14,'HC & Open Position'!$D$3:$P$55,11,0),"") -> 0 | AL14: =IFERROR(VLOOKUP($C14,'HC & Open Position'!$D$3:$P$55,12,0),"") -> 0 | AM14: =SUM(AI14:AL14) -> 0 | AP14: =U14-SUM(AA14+AM14+AD14-AO14) -> -1.2042891
A15: CNO0000071 | B15: ThyssenKrupp | C15: Thyssenkrupp | D15: Engineering | E15: 44707 | F15: 45437 | G15: Anjli Zutshi | H15: Shweta Shalini | I15: West | J15: =IFERROR(VLOOKUP(C15,CPH!$A:$E,5,0),"") -> 54000 | K15: 0 | N15: - | O15: - | P15: =IFERROR(N15*1.3,1.8) -> 1.8 | Q15: =IFERROR(K15/(P15*3),"") -> 0 | R15: =IFERROR(Q15/8,"") -> 0 | S15: =IFERROR(R15/8,"") -> 0 | T15: =IFERROR(S15/3,"") -> 0 | U15: =SUM(Q15:T15) -> 0 | W15: =IFERROR(VLOOKUP($C15,'HC & Open Position'!$D:$J,MATCH(W$3,'HC & Open Position'!$D$3:$J$3,1),0),"") | X15: =IFERROR(VLOOKUP($C15,'HC & Open Position'!$D:$J,MATCH(X$3,'HC & Open Position'!$D$3:$J$3,1),0),"") | Y15: =IFERROR(VLOOKUP($C15,'HC & Open Position'!$D:$J,MATCH(Y$3,'HC & Open Position'!$D$3:$J$3,1),0),"") | Z15: =IFERROR(VLOOKUP($C15,'HC & Open Position'!$D:$J,MATCH(Z$3,'HC & Open Position'!$D$3:$J$3,1),0),"") | AA15: =SUM(W15:Z15) -> 0 | AB15: =U15-AA15 -> 0 | AI15: =IFERROR(VLOOKUP($C15,'HC & Open Position'!$D$3:$P$55,9,0),"") | AJ15: =IFERROR(VLOOKUP($C15,'HC & Open Position'!$D$3:$P$55,10,0),"") | AK15: =IFERROR(VLOOKUP($C15,'HC & Open Position'!$D$3:$P$55,11,0),"") | AL15: =IFERROR(VLOOKUP($C15,'HC & Open Position'!$D$3:$P$55,12,0),"") | AM15: =SUM(AI15:AL15) -> 0 | AP15: =U15-SUM(AA15+AM15+AD15-AO15) -> 0
A16: CNO0000046 | B16: Mahindra Holiday & Resort | C16: Mahindra Holidays | D16: Hospitality | E16: 44599 | F16: 48250 | G16: Anjli Zutshi | H16: Geetu Lalwani | I16: West | J16: =IFERROR(VLOOKUP(C16,CPH!$A:$E,5,0),"") -> 22000 | K16: 14.31 | N16: 0.28332427 | O16: 0.52424259 | P16: 1.2 | Q16: =IFERROR(K16/(P16*3),"") -> 3.975 | R16: =IFERROR(Q16/8,"") -> 0.496875 | S16: =IFERROR(R16/8,"") -> 0.062109375 | T16: =IFERROR(S16/3,"") -> 0.020703125 | U16: =SUM(Q16:T16) -> 4.5546875 | W16: =IFERROR(VLOOKUP($C16,'HC & Open Position'!$D:$J,MATCH(W$3,'HC & Open Position'!$D$3:$J$3,1),0),"") -> 6 | X16: =IFERROR(VLOOKUP($C16,'HC & Open Position'!$D:$J,MATCH(X$3,'HC & Open Position'!$D$3:$J$3,1),0),"") -> 1 | Y16: =IFERROR(VLOOKUP($C16,'HC & Open Position'!$D:$J,MATCH(Y$3,'HC & Open Position'!$D$3:$J$3,1),0),"") -> 0 | Z16: =IFERROR(VLOOKUP($C16,'HC & Open Position'!$D:$J,MATCH(Z$3,'HC & Open Position'!$D$3:$J$3,1),0),"") -> 0 | AA16: =SUM(W16:Z16) -> 7 | AB16: =U16-AA16 -> -2.4453125 | AI16: =IFERROR(VLOOKUP($C16,'HC & Open Position'!$D$3:$P$55,9,0),"") -> 0 | AJ16: =IFERROR(VLOOKUP($C16,'HC & Open Position'!$D$3:$P$55,10,0),"") -> 0 | AK16: =IFERROR(VLOOKUP($C16,'HC & Open Position'!$D$3:$P$55,11,0),"") -> 0 | AL16: =IFERROR(VLOOKUP($C16,'HC & Open Position'!$D$3:$P$55,12,0),"") -> 0 | AM16: =SUM(AI16:AL16) -> 0 | AO16: 1 | AP16: =U16-SUM(AA16+AM16+AD16-AO16) -> -1.4453125
A17: CNO0000011 | B17: BITS | C17: BITS | D17: Education | E17: 42584 | F17: 46235 | G17: Sulabh Arora | H17: Krishna Kumar Pillai | I17: South | J17: =IFERROR(VLOOKUP(C17,CPH!$A:$E,5,0),"") -> 27000 | K17: 11.55 | N17: 1.9794459 | O17: 1.7161432 | P17: =IFERROR(N17*1.3,1.8) -> 2.5732797 | Q17: =IFERROR(K17/(P17*3),"") -> 1.4961452 | R17: =IFERROR(Q17/8,"") -> 0.18701815 | S17: =IFERROR(R17/8,"") -> 0.023377268 | T17: =IFERROR(S17/3,"") -> 0.0077924228 | U17: =SUM(Q17:T17) -> 1.714333 | W17: =IFERROR(VLOOKUP($C17,'HC & Open Position'!$D:$J,MATCH(W$3,'HC & Open Position'!$D$3:$J$3,1),0),"") -> 2 | X17: =IFERROR(VLOOKUP($C17,'HC & Open Position'!$D:$J,MATCH(X$3,'HC & Open Position'!$D$3:$J$3,1),0),"") -> 1 | Y17: =IFERROR(VLOOKUP($C17,'HC & Open Position'!$D:$J,MATCH(Y$3,'HC & Open Position'!$D$3:$J$3,1),0),"") -> 0 | Z17: =IFERROR(VLOOKUP($C17,'HC & Open Position'!$D:$J,MATCH(Z$3,'HC & Open Position'!$D$3:$J$3,1),0),"") -> 0 | AA17: =SUM(W17:Z17) -> 3 | AB17: =U17-AA17 -> -1.285667 | AI17: =IFERROR(VLOOKUP($C17,'HC & Open Position'!$D$3:$P$55,9,0),"") -> 0 | AJ17: =IFERROR(VLOOKUP($C17,'HC & Open Position'!$D$3:$P$55,10,0),"") -> 0 | AK17: =IFERROR(VLOOKUP($C17,'HC & Open Position'!$D$3:$P$55,11,0),"") -> 0 | AL17: =IFERROR(VLOOKUP($C17,'HC & Open Position'!$D$3:$P$55,12,0),"") -> 0 | AM17: =SUM(AI17:AL17) -> 0 | AP17: =U17-SUM(AA17+AM17+AD17-AO17) -> -1.285667
A18: CNO0000089 | B18: M&M | C18: M&M | D18: Auto | E18: 42310 | F18: 46325 | G18: Anjli Zutshi | H18: Megha Joshi | I18: West | J18: =IFERROR(VLOOKUP(C18,CPH!$A:$E,5,0),"") -> 65000 | K18: 534.89 | N18: 1.7 | O18: 1.68 | P18: =IFERROR(N18*1.3,1.8) -> 2.21 | Q18: =IFERROR(K18/(P18*3),"") -> 80.677225 | R18: =IFERROR(Q18/8,"") -> 10.084653 | S18: =IFERROR(R18/8,"") -> 1.2605816 | T18: =IFERROR(S18/3,"") -> 0.42019388 | U18: =SUM(Q18:T18) -> 92.442653 | W18: =IFERROR(VLOOKUP($C18,'HC & Open Position'!$D:$J,MATCH(W$3,'HC & Open Position'!$D$3:$J$3,1),0),"") -> 65 | X18: =IFERROR(VLOOKUP($C18,'HC & Open Position'!$D:$J,MATCH(X$3,'HC & Open Position'!$D$3:$J$3,1),0),"") -> 16 | Y18: =IFERROR(VLOOKUP($C18,'HC & Open Position'!$D:$J,MATCH(Y$3,'HC & Open Position'!$D$3:$J$3,1),0),"") -> 1 | Z18: =IFERROR(VLOOKUP($C18,'HC & Open Position'!$D:$J,MATCH(Z$3,'HC & Open Position'!$D$3:$J$3,1),0),"") -> 0 | AA18: =SUM(W18:Z18) -> 82 | AB18: =U18-AA18 -> 10.442653 | AD18: 10 | AF18: 4 | AG18: 2 | AI18: =IFERROR(VLOOKUP($C18,'HC & Open Position'!$D$3:$P$55,9,0),"") -> 4 | AJ18: =IFERROR(VLOOKUP($C18,'HC & Open Position'!$D$3:$P$55,10,0),"") -> 1 | AK18: =IFERROR(VLOOKUP($C18,'HC & Open Position'!$D$3:$P$55,11,0),"") -> 1 | AL18: =IFERROR(VLOOKUP($C18,'HC & Open Position'!$D$3:$P$55,12,0),"") -> 0 | AM18: =SUM(AI18:AL18) -> 6 | AN18: 3 | AO18: 3 | AP18: =U18-SUM(AA18+AM18+AD18-AO18) -> -2.5573467
A19: CNO0000079 | B19: Wipro | C19: Wipro | D19: IT | E19: 41816 | F19: 45838 | G19: Sulabh Arora | H19: Subramanyapavan | I19: South | J19: =IFERROR(VLOOKUP(C19,CPH!$A:$E,5,0),"") -> 45000 | K19: 150 | N19: 1.6261991 | O19: 1.8872641 | P19: =IFERROR(N19*1.3,1.8) -> 2.1140588 | Q19: =IFERROR(K19/(P19*3),"") -> 23.651187 | R19: =IFERROR(Q19/8,"") -> 2.9563984 | S19: =IFERROR(R19/8,"") -> 0.36954979 | T19: =IFERROR(S19/3,"") -> 0.12318326 | U19: =SUM(Q19:T19) -> 27.100318 | W19: =IFERROR(VLOOKUP($C19,'HC & Open Position'!$D:$J,MATCH(W$3,'HC & Open Position'!$D$3:$J$3,1),0),"") -> 14 | X19: =IFERROR(VLOOKUP($C19,'HC & Open Position'!$D:$J,MATCH(X$3,'HC & Open Position'!$D$3:$J$3,1),0),"") -> 1 | Y19: =IFERROR(VLOOKUP($C19,'HC & Open Position'!$D:$J,MATCH(Y$3,'HC & Open Position'!$D$3:$J$3,1),0),"") -> 1 | Z19: =IFERROR(VLOOKUP($C19,'HC & Open Position'!$D:$J,MATCH(Z$3,'HC & Open Position'!$D$3:$J$3,1),0),"") -> 0 | AA19: =SUM(W19:Z19) -> 16 | AB19: =U19-AA19 -> 11.100318 | AD19: 3 | AI19: =IFERROR(VLOOKUP($C19,'HC & Open Position'!$D$3:$P$55,9,0),"") -> 0 | AJ19: =IFERROR(VLOOKUP($C19,'HC & Open Position'!$D$3:$P$55,10,0),"") -> 0 | AK19: =IFERROR(VLOOKUP($C19,'HC & Open Position'!$D$3:$P$55,11,0),"") -> 0 | AL19: =IFERROR(VLOOKUP($C19,'HC & Open Position'!$D$3:$P$55,12,0),"") -> 0 | AM19: =SUM(AI19:AL19) -> 0 | AP19: =U19-SUM(AA19+AM19+AD19-AO19) -> 8.1003182
A20: CNO0000032 | B20: DP World | C20: DP World | D20: Logistics | E20: 44844 | F20: 45574 | G20: Anjli Zutshi | H20: Geetu Lalwani | I20: West | J20: =IFERROR(VLOOKUP(C20,CPH!$A:$E,5,0),"") -> 70000 | K20: 24 | N20: 1.1249727 | O20: 1.1878419 | P20: =IFERROR(N20*1.3,1.8) -> 1.4624645 | Q20: =IFERROR(K20/(P20*3),"") -> 5.4702184 | R20: =IFERROR(Q20/8,"") -> 0.6837773 | S20: =IFERROR(R20/8,"") -> 0.085472162 | T20: =IFERROR(S20/3,"") -> 0.028490721 | U20: =SUM(Q20:T20) -> 6.2679586 | W20: =IFERROR(VLOOKUP($C20,'HC & Open Position'!$D:$J,MATCH(W$3,'HC & Open Position'!$D$3:$J$3,1),0),"") -> 4 | X20: =IFERROR(VLOOKUP($C20,'HC & Open Position'!$D:$J,MATCH(X$3,'HC & Open Position'!$D$3:$J$3,1),0),"") -> 1 | Y20: =IFERROR(VLOOKUP($C20,'HC & Open Position'!$D:$J,MATCH(Y$3,'HC & Open Position'!$D$3:$J$3,1),0),"") -> 0 | Z20: =IFERROR(VLOOKUP($C20,'HC & Open Position'!$D:$J,MATCH(Z$3,'HC & Open Position'!$D$3:$J$3,1),0),"") -> 0 | AA20: =SUM(W20:Z20) -> 5 | AB20: =U20-AA20 -> 1.2679586 | AI20: =IFERROR(VLOOKUP($C20,'HC & Open Position'!$D$3:$P$55,9,0),"") -> 0 | AJ20: =IFERROR(VLOOKUP($C20,'HC & Open Position'!$D$3:$P$55,10,0),"") -> 0 | AK20: =IFERROR(VLOOKUP($C20,'HC & Open Position'!$D$3:$P$55,11,0),"") -> 0 | AL20: =IFERROR(VLOOKUP($C20,'HC & Open Position'!$D$3:$P$55,12,0),"") -> 0 | AM20: =SUM(AI20:AL20) -> 0 | AP20: =U20-SUM(AA20+AM20+AD20-AO20) -> 1.2679586
A21: CNO0000008 | B21: AMNS | C21: AMNS | D21: Manufacturing | E21: 45020 | F21: 45750 | G21: Anjli Zutshi | H21: Alifiya Mohsin Hirani | I21: West | J21: =IFERROR(VLOOKUP(C21,CPH!$A:$E,5,0),"") -> 33000 | K21: 87.6 | N21: 0.9 | O21: 0.97 | P21: 1.8 | Q21: =IFERROR(K21/(P21*3),"") -> 16.222222 | R21: =IFERROR(Q21/8,"") -> 2.0277778 | S21: =IFERROR(R21/8,"") -> 0.25347222 | T21: =IFERROR(S21/3,"") -> 0.084490741 | U21: =SUM(Q21:T21) -> 18.587963 | W21: =IFERROR(VLOOKUP($C21,'HC & Open Position'!$D:$J,MATCH(W$3,'HC & Open Position'!$D$3:$J$3,1),0),"") -> 33 | X21: =IFERROR(VLOOKUP($C21,'HC & Open Position'!$D:$J,MATCH(X$3,'HC & Open Position'!$D$3:$J$3,1),0),"") -> 5 | Y21: =IFERROR(VLOOKUP($C21,'HC & Open Position'!$D:$J,MATCH(Y$3,'HC & Open Position'!$D$3:$J$3,1),0),"") -> 1 | Z21: =IFERROR(VLOOKUP($C21,'HC & Open Position'!$D:$J,MATCH(Z$3,'HC & Open Position'!$D$3:$J$3,1),0),"") -> 0 | AA21: =SUM(W21:Z21) -> 39 | AB21: =U21-AA21 -> -20.412037 | AF21: 1 | AG21: 2 | AI21: =IFERROR(VLOOKUP($C21,'HC & Open Position'!$D$3:$P$55,9,0),"") -> 3 | AJ21: =IFERROR(VLOOKUP($C21,'HC & Open Position'!$D$3:$P$55,10,0),"") -> 0 | AK21: =IFERROR(VLOOKUP($C21,'HC & Open Position'!$D$3:$P$55,11,0),"") -> 0 | AL21: =IFERROR(VLOOKUP($C21,'HC & Open Position'!$D$3:$P$55,12,0),"") -> 0 | AM21: =SUM(AI21:AL21) -> 3 | AN21: 1 | AP21: =U21-SUM(AA21+AM21+AD21-AO21) -> -23.412037
A22: CNO0000069 | B22: Tata Electronics | C22: Tata Electronics | D22: Manufacturing | E22: 45063 | F22: 45428 | G22: Sulabh Arora | H22: Krishna Kumar Pillai | I22: South | J22: =IFERROR(VLOOKUP(C22,CPH!$A:$E,5,0),"") -> 33320 | K22: 9.19 | N22: 4.0363876 | O22: 1.5781448 | P22: 2 | Q22: =IFERROR(K22/(P22*3),"") -> 1.5316667 | R22: =IFERROR(Q22/8,"") -> 0.19145833 | S22: =IFERROR(R22/8,"") -> 0.023932292 | T22: =IFERROR(S22/3,"") -> 0.0079774306 | U22: =SUM(Q22:T22) -> 1.7550347 | W22: =IFERROR(VLOOKUP($C22,'HC & Open Position'!$D:$J,MATCH(W$3,'HC & Open Position'!$D$3:$J$3,1),0),"") -> 2 | X22: =IFERROR(VLOOKUP($C22,'HC & Open Position'!$D:$J,MATCH(X$3,'HC & Open Position'!$D$3:$J$3,1),0),"") -> 1 | Y22: =IFERROR(VLOOKUP($C22,'HC & Open Position'!$D:$J,MATCH(Y$3,'HC & Open Position'!$D$3:$J$3,1),0),"") -> 1 | Z22: =IFERROR(VLOOKUP($C22,'HC & Open Position'!$D:$J,MATCH(Z$3,'HC & Open Position'!$D$3:$J$3,1),0),"") -> 0 | AA22: =SUM(W22:Z22) -> 4 | AB22: =U22-AA22 -> -2.2449653 | AI22: =IFERROR(VLOOKUP($C22,'HC & Open Position'!$D$3:$P$55,9,0),"") -> 0 | AJ22: =IFERROR(VLOOKUP($C22,'HC & Open Position'!$D$3:$P$55,10,0),"") -> 0 | AK22: =IFERROR(VLOOKUP($C22,'HC & Open Position'!$D$3:$P$55,11,0),"") -> 0 | AL22: =IFERROR(VLOOKUP($C22,'HC & Open Position'!$D$3:$P$55,12,0),"") -> 0 | AM22: =SUM(AI22:AL22) -> 0 | AP22: =U22-SUM(AA22+AM22+AD22-AO22) -> -2.2449653
A23: CNO0000104 | B23: Jindal Stainless | C23: Jindal Stainless | D23: Manufacturing | E23: 45147 | F23: 45877 | G23: Anjli Zutshi | H23: Naved Falak | I23: North | J23: =IFERROR(VLOOKUP(C23,CPH!$A:$E,5,0),"") -> 60000 | K23: 13.35 | N23: 1.7 | O23: 2.2342624 | P23: =IFERROR(N23*1.3,1.8) -> 2.21 | Q23: =IFERROR(K23/(P23*3),"") -> 2.0135747 | R23: =IFERROR(Q23/8,"") -> 0.25169683 | S23: =IFERROR(R23/8,"") -> 0.031462104 | T23: =IFERROR(S23/3,"") -> 0.010487368 | U23: =SUM(Q23:T23) -> 2.307221 | W23: =IFERROR(VLOOKUP($C23,'HC & Open Position'!$D:$J,MATCH(W$3,'HC & Open Position'!$D$3:$J$3,1),0),"") -> 4 | X23: =IFERROR(VLOOKUP($C23,'HC & Open Position'!$D:$J,MATCH(X$3,'HC & Open Position'!$D$3:$J$3,1),0),"") -> 2 | Y23: =IFERROR(VLOOKUP($C23,'HC & Open Position'!$D:$J,MATCH(Y$3,'HC & Open Position'!$D$3:$J$3,1),0),"") -> 0 | Z23: =IFERROR(VLOOKUP($C23,'HC & Open Position'!$D:$J,MATCH(Z$3,'HC & Open Position'!$D$3:$J$3,1),0),"") -> 0 | AA23: =SUM(W23:Z23) -> 6 | AB23: =U23-AA23 -> -3.692779 | AI23: =IFERROR(VLOOKUP($C23,'HC & Open Position'!$D$3:$P$55,9,0),"") -> 0 | AJ23: =IFERROR(VLOOKUP($C23,'HC & Open Position'!$D$3:$P$55,10,0),"") -> 0 | AK23: =IFERROR(VLOOKUP($C23,'HC & Open Position'!$D$3:$P$55,11,0),"") -> 0 | AL23: =IFERROR(VLOOKUP($C23,'HC & Open Position'!$D$3:$P$55,12,0),"") -> 0 | AM23: =SUM(AI23:AL23) -> 0 | AP23: =U23-SUM(AA23+AM23+AD23-AO23) -> -3.692779
A24: CNO0000107 | B24: Schaeffler | C24: Schaeffler | D24: Manufacturing | E24: 45232 | F24: 45962 | G24: Anjli Zutshi | H24: Shweta Shalini | I24: West | J24: =IFERROR(VLOOKUP(C24,CPH!$A:$E,5,0),"") -> 60000 | K24: 21.8 | N24: 1.3742101 | O24: 1.281259 | P24: =IFERROR(N24*1.3,1.8) -> 1.7864732 | Q24: =IFERROR(K24/(P24*3),"") -> 4.0676047 | R24: =IFERROR(Q24/8,"") -> 0.50845058 | S24: =IFERROR(R24/8,"") -> 0.063556323 | T24: =IFERROR(S24/3,"") -> 0.021185441 | U24: =SUM(Q24:T24) -> 4.660797 | W24: =IFERROR(VLOOKUP($C24,'HC & Open Position'!$D:$J,MATCH(W$3,'HC & Open Position'!$D$3:$J$3,1),0),"") -> 4 | X24: =IFERROR(VLOOKUP($C24,'HC & Open Position'!$D:$J,MATCH(X$3,'HC & Open Position'!$D$3:$J$3,1),0),"") -> 1 | Y24: =IFERROR(VLOOKUP($C24,'HC & Open Position'!$D:$J,MATCH(Y$3,'HC & Open Position'!$D$3:$J$3,1),0),"") -> 0 | Z24: =IFERROR(VLOOKUP($C24,'HC & Open Position'!$D:$J,MATCH(Z$3,'HC & Open Position'!$D$3:$J$3,1),0),"") -> 0 | AA24: =SUM(W24:Z24) -> 5 | AB24: =U24-AA24 -> -0.33920299 | AD24: 3 | AG24: 1 | AI24: =IFERROR(VLOOKUP($C24,'HC & Open Position'!$D$3:$P$55,9,0),"") -> 0 | AJ24: =IFERROR(VLOOKUP($C24,'HC & Open Position'!$D$3:$P$55,10,0),"") -> 1 | AK24: =IFERROR(VLOOKUP($C24,'HC & Open Position'!$D$3:$P$55,11,0),"") -> 0 | AL24: =IFERROR(VLOOKUP($C24,'HC & Open Position'!$D$3:$P$55,12,0),"") -> 0 | AM24: =SUM(AI24:AL24) -> 1 | AO24: 1 | AP24: =U24-SUM(AA24+AM24+AD24-AO24) -> -3.339203
A25: CNO0000109 | B25: Royal Enfield | C25: Royal Enfield | D25: Auto | E25: 45260 | F25: 46355 | G25: Sulabh Arora | H25: Krishna Kumar Pillai | I25: South | J25: =IFERROR(VLOOKUP(C25,CPH!$A:$E,5,0),"") -> 69700 | K25: 42 | N25: 1.5 | O25: 1.83 | P25: =IFERROR(N25*1.3,1.8) -> 1.95 | Q25: =IFERROR(K25/(P25*3),"") -> 7.1794872 | R25: =IFERROR(Q25/8,"") -> 0.8974359 | S25: =IFERROR(R25/8,"") -> 0.11217949 | T25: =IFERROR(S25/3,"") -> 0.037393162 | U25: =SUM(Q25:T25) -> 8.2264957 | W25: =IFERROR(VLOOKUP($C25,'HC & Open Position'!$D:$J,MATCH(W$3,'HC & Open Position'!$D$3:$J$3,1),0),"") -> 15 | X25: =IFERROR(VLOOKUP($C25,'HC & Open Position'!$D:$J,MATCH(X$3,'HC & Open Position'!$D$3:$J$3,1),0),"") -> 1 | Y25: =IFERROR(VLOOKUP($C25,'HC & Open Position'!$D:$J,MATCH(Y$3,'HC & Open Position'!$D$3:$J$3,1),0),"") -> 0 | Z25: =IFERROR(VLOOKUP($C25,'HC & Open Position'!$D:$J,MATCH(Z$3,'HC & Open Position'!$D$3:$J$3,1),0),"") -> 0 | AA25: =SUM(W25:Z25) -> 16 | AB25: =U25-AA25 -> -7.7735043 | AD25: 3 | AG25: 2 | AI25: =IFERROR(VLOOKUP($C25,'HC & Open Position'!$D$3:$P$55,9,0),"") -> 1 | AJ25: =IFERROR(VLOOKUP($C25,'HC & Open Position'!$D$3:$P$55,10,0),"") -> 1 | AK25: =IFERROR(VLOOKUP($C25,'HC & Open Position'!$D$3:$P$55,11,0),"") -> 0 | AL25: =IFERROR(VLOOKUP($C25,'HC & Open Position'!$D$3:$P$55,12,0),"") -> 0 | AM25: =SUM(AI25:AL25) -> 2 | AP25: =U25-SUM(AA25+AM25+AD25-AO25) -> -12.773504
A26: CNO0000122 | B26: SBI | C26: SBI Cards | D26: Financial | E26: 45338 | F26: 46433 | G26: Anjli Zutshi | H26: Naved Falak | I26: North | J26: =IFERROR(VLOOKUP(C26,CPH!$A:$E,5,0),"") -> 23000 | K26: 47.6 | N26: 1.3 | O26: 1.1 | P26: =IFERROR(N26*1.3,1.8) -> 1.69 | Q26: =IFERROR(K26/(P26*3),"") -> 9.3885602 | R26: =IFERROR(Q26/8,"") -> 1.17357 | S26: =IFERROR(R26/8,"") -> 0.14669625 | T26: =IFERROR(S26/3,"") -> 0.048898751 | U26: =SUM(Q26:T26) -> 10.757725 | W26: =IFERROR(VLOOKUP($C26,'HC & Open Position'!$D:$J,MATCH(W$3,'HC & Open Position'!$D$3:$J$3,1),0),"") -> 12 | X26: =IFERROR(VLOOKUP($C26,'HC & Open Position'!$D:$J,MATCH(X$3,'HC & Open Position'!$D$3:$J$3,1),0),"") -> 2 | Y26: =IFERROR(VLOOKUP($C26,'HC & Open Position'!$D:$J,MATCH(Y$3,'HC & Open Position'!$D$3:$J$3,1),0),"") -> 0 | Z26: =IFERROR(VLOOKUP($C26,'HC & Open Position'!$D:$J,MATCH(Z$3,'HC & Open Position'!$D$3:$J$3,1),0),"") -> 0 | AA26: =SUM(W26:Z26) -> 14 | AB26: =U26-AA26 -> -3.2422748 | AD26: 2 | AI26: =IFERROR(VLOOKUP($C26,'HC & Open Position'!$D$3:$P$55,9,0),"") -> 0 | AJ26: =IFERROR(VLOOKUP($C26,'HC & Open Position'!$D$3:$P$55,10,0),"") -> 0 | AK26: =IFERROR(VLOOKUP($C26,'HC & Open Position'!$D$3:$P$55,11,0),"") -> 0 | AL26: =IFERROR(VLOOKUP($C26,'HC & Open Position'!$D$3:$P$55,12,0),"") -> 0 | AM26: =SUM(AI26:AL26) -> 0 | AO26: 1 | AP26: =U26-SUM(AA26+AM26+AD26-AO26) -> -4.2422748
A27: CNO0000100 | B27: Hyundai | C27: Hyundai Motor | D27: Auto | E27: 45343 | F27: 46073 | G27: Anjli Zutshi | H27: Shweta Shalini | I27: West | J27: =IFERROR(VLOOKUP(C27,CPH!$A:$E,5,0),"") -> 51800 | K27: 24 | N27: 1.9 | O27: 1.42 | P27: =IFERROR(N27*1.3,1.8) -> 2.47 | Q27: =IFERROR(K27/(P27*3),"") -> 3.2388664 | R27: =IFERROR(Q27/8,"") -> 0.4048583 | S27: =IFERROR(R27/8,"") -> 0.050607287 | T27: =IFERROR(S27/3,"") -> 0.016869096 | U27: =SUM(Q27:T27) -> 3.7112011 | W27: =IFERROR(VLOOKUP($C27,'HC & Open Position'!$D:$J,MATCH(W$3,'HC & Open Position'!$D$3:$J$3,1),0),"") -> 7 | X27: =IFERROR(VLOOKUP($C27,'HC & Open Position'!$D:$J,MATCH(X$3,'HC & Open Position'!$D$3:$J$3,1),0),"") -> 0 | Y27: =IFERROR(VLOOKUP($C27,'HC & Open Position'!$D:$J,MATCH(Y$3,'HC & Open Position'!$D$3:$J$3,1),0),"") -> 1 | Z27: =IFERROR(VLOOKUP($C27,'HC & Open Position'!$D:$J,MATCH(Z$3,'HC & Open Position'!$D$3:$J$3,1),0),"") -> 0 | AA27: =SUM(W27:Z27) -> 8 | AB27: =U27-AA27 -> -4.2887989 | AD27: 2 | AG27: 2 | AI27: =IFERROR(VLOOKUP($C27,'HC & Open Position'!$D$3:$P$55,9,0),"") -> 1 | AJ27: =IFERROR(VLOOKUP($C27,'HC & Open Position'!$D$3:$P$55,10,0),"") -> 1 | AK27: =IFERROR(VLOOKUP($C27,'HC & Open Position'!$D$3:$P$55,11,0),"") -> 0 | AL27: =IFERROR(VLOOKUP($C27,'HC & Open Position'!$D$3:$P$55,12,0),"") -> 0 | AM27: =SUM(AI27:AL27) -> 2 | AO27: 1 | AP27: =U27-SUM(AA27+AM27+AD27-AO27) -> -7.2887989
A28: CNO0000099 | B28: Maruti | C28: Maruti Suzuki(MSIL) | D28: Auto | E28: 45292 | F28: 46394 | G28: Anjli Zutshi | H28: Naved Falak | I28: North | J28: =IFERROR(VLOOKUP(C28,CPH!$A:$E,5,0),"") -> 59000 | K28: 87.17 | N28: 1.3 | O28: 0.86621177 | P28: =IFERROR(N28*1.3,1.8) -> 1.69 | Q28: =IFERROR(K28/(P28*3),"") -> 17.193294 | R28: =IFERROR(Q28/8,"") -> 2.1491617 | S28: =IFERROR(R28/8,"") -> 0.26864522 | T28: =IFERROR(S28/3,"") -> 0.089548406 | U28: =SUM(Q28:T28) -> 19.700649 | W28: =IFERROR(VLOOKUP($C28,'HC & Open Position'!$D:$J,MATCH(W$3,'HC & Open Position'!$D$3:$J$3,1),0),"") -> 33 | X28: =IFERROR(VLOOKUP($C28,'HC & Open Position'!$D:$J,MATCH(X$3,'HC & Open Position'!$D$3:$J$3,1),0),"") -> 5 | Y28: =IFERROR(VLOOKUP($C28,'HC & Open Position'!$D:$J,MATCH(Y$3,'HC & Open Position'!$D$3:$J$3,1),0),"") -> 2 | Z28: =IFERROR(VLOOKUP($C28,'HC & Open Position'!$D:$J,MATCH(Z$3,'HC & Open Position'!$D$3:$J$3,1),0),"") -> 0 | AA28: =SUM(W28:Z28) -> 40 | AB28: =U28-AA28 -> -20.299351 | AD28: 1 | AI28: =IFERROR(VLOOKUP($C28,'HC & Open Position'!$D$3:$P$55,9,0),"") -> 0 | AJ28: =IFERROR(VLOOKUP($C28,'HC & Open Position'!$D$3:$P$55,10,0),"") -> 0 | AK28: =IFERROR(VLOOKUP($C28,'HC & Open Position'!$D$3:$P$55,11,0),"") -> 0 | AL28: =IFERROR(VLOOKUP($C28,'HC & Open Position'!$D$3:$P$55,12,0),"") -> 0 | AM28: =SUM(AI28:AL28) -> 0 | AO28: 2 | AP28: =U28-SUM(AA28+AM28+AD28-AO28) -> -19.299351
A29: CNO0000102 | B29: Excelacom | C29: Ametek | D29: IT | E29: 45352 | F29: 45688 | G29: Sulabh Arora | H29: Krishna Kumar Pillai | I29: South | J29: =IFERROR(VLOOKUP(C29,CPH!$A:$E,5,0),"") -> 70000 | K29: 0 | N29: 1.7 | O29: 1.5042746 | P29: =IFERROR(N29*1.3,1.8) -> 2.21 | Q29: =IFERROR(K29/(P29*3),"") -> 0 | R29: =IFERROR(Q29/8,"") -> 0 | S29: =IFERROR(R29/8,"") -> 0 | T29: =IFERROR(S29/3,"") -> 0 | U29: =SUM(Q29:T29) -> 0 | W29: =IFERROR(VLOOKUP($C29,'HC & Open Position'!$D:$J,MATCH(W$3,'HC & Open Position'!$D$3:$J$3,1),0),"") -> 0 | X29: =IFERROR(VLOOKUP($C29,'HC & Open Position'!$D:$J,MATCH(X$3,'HC & Open Position'!$D$3:$J$3,1),0),"") -> 1 | Y29: =IFERROR(VLOOKUP($C29,'HC & Open Position'!$D:$J,MATCH(Y$3,'HC & Open Position'!$D$3:$J$3,1),0),"") -> 0 | Z29: =IFERROR(VLOOKUP($C29,'HC & Open Position'!$D:$J,MATCH(Z$3,'HC & Open Position'!$D$3:$J$3,1),0),"") -> 0 | AA29: =SUM(W29:Z29) -> 1 | AB29: =U29-AA29 -> -1 | AI29: =IFERROR(VLOOKUP($C29,'HC & Open Position'!$D$3:$P$55,9,0),"") -> 0 | AJ29: =IFERROR(VLOOKUP($C29,'HC & Open Position'!$D$3:$P$55,10,0),"") -> 0 | AK29: =IFERROR(VLOOKUP($C29,'HC & Open Position'!$D$3:$P$55,11,0),"") -> 0 | AL29: =IFERROR(VLOOKUP($C29,'HC & Open Position'!$D$3:$P$55,12,0),"") -> 0 | AM29: =SUM(AI29:AL29) -> 0 | AP29: =U29-SUM(AA29+AM29+AD29-AO29) -> -1
A30: CNO0000123 | B30: Tata Consumer | C30: Tata Consumer | D30: Retail | E30: 45352 | F30: 45900 | G30: Anjli Zutshi | H30: Usha Babu Shetty | I30: West | J30: =IFERROR(VLOOKUP(C30,CPH!$A:$E,5,0),"") -> 58700 | K30: 57.34 | N30: 0.9568346 | O30: 0.80857784 | P30: =IFERROR(N30*1.3,1.8) -> 1.243885 | Q30: =IFERROR(K30/(P30*3),"") -> 15.365837 | R30: =IFERROR(Q30/8,"") -> 1.9207296 | S30: =IFERROR(R30/8,"") -> 0.2400912 | T30: =IFERROR(S30/3,"") -> 0.080030399 | U30: =SUM(Q30:T30) -> 17.606688 | W30: =IFERROR(VLOOKUP($C30,'HC & Open Position'!$D:$J,MATCH(W$3,'HC & Open Position'!$D$3:$J$3,1),0),"") -> 13 | X30: =IFERROR(VLOOKUP($C30,'HC & Open Position'!$D:$J,MATCH(X$3,'HC & Open Position'!$D$3:$J$3,1),0),"") -> 1 | Y30: =IFERROR(VLOOKUP($C30,'HC & Open Position'!$D:$J,MATCH(Y$3,'HC & Open Position'!$D$3:$J$3,1),0),"") -> 0 | Z30: =IFERROR(VLOOKUP($C30,'HC & Open Position'!$D:$J,MATCH(Z$3,'HC & Open Position'!$D$3:$J$3,1),0),"") -> 0 | AA30: =SUM(W30:Z30) -> 14 | AB30: =U30-AA30 -> 3.6066878 | AG30: 1 | AI30: =IFERROR(VLOOKUP($C30,'HC & Open Position'!$D$3:$P$55,9,0),"") -> 1 | AJ30: =IFERROR(VLOOKUP($C30,'HC & Open Position'!$D$3:$P$55,10,0),"") -> 0 | AK30: =IFERROR(VLOOKUP($C30,'HC & Open Position'!$D$3:$P$55,11,0),"") -> 0 | AL30: =IFERROR(VLOOKUP($C30,'HC & Open Position'!$D$3:$P$55,12,0),"") -> 0 | AM30: =SUM(AI30:AL30) -> 1 | AP30: =U30-SUM(AA30+AM30+AD30-AO30) -> 2.6066878
A31: CNO0000129 | B31: Tata Play | C31: Tata Play | D31: Tech | E31: 45383 | F31: 46498 | G31: Anjli Zutshi | H31: Elton Francis Isaac | I31: West | J31: =IFERROR(VLOOKUP(C31,CPH!$A:$E,5,0),"") -> 56000 | K31: 5.44 | N31: 0.47125926 | O31: 0.462665 | P31: 1 | Q31: =IFERROR(K31/(P31*3),"") -> 1.8133333 | R31: =IFERROR(Q31/8,"") -> 0.22666667 | S31: =IFERROR(R31/8,"") -> 0.028333333 | T31: =IFERROR(S31/3,"") -> 0.0094444444 | U31: =SUM(Q31:T31) -> 2.0777778 | W31: =IFERROR(VLOOKUP($C31,'HC & Open Position'!$D:$J,MATCH(W$3,'HC & Open Position'!$D$3:$J$3,1),0),"") -> 1 | X31: =IFERROR(VLOOKUP($C31,'HC & Open Position'!$D:$J,MATCH(X$3,'HC & Open Position'!$D$3:$J$3,1),0),"") -> 0 | Y31: =IFERROR(VLOOKUP($C31,'HC & Open Position'!$D:$J,MATCH(Y$3,'HC & Open Position'!$D$3:$J$3,1),0),"") -> 0 | Z31: =IFERROR(VLOOKUP($C31,'HC & Open Position'!$D:$J,MATCH(Z$3,'HC & Open Position'!$D$3:$J$3,1),0),"") -> 0 | AA31: =SUM(W31:Z31) -> 1 | AB31: =U31-AA31 -> 1.0777778 | AI31: =IFERROR(VLOOKUP($C31,'HC & Open Position'!$D$3:$P$55,9,0),"") -> 0 | AJ31: =IFERROR(VLOOKUP($C31,'HC & Open Position'!$D$3:$P$55,10,0),"") -> 0 | AK31: =IFERROR(VLOOKUP($C31,'HC & Open Position'!$D$3:$P$55,11,0),"") -> 0 | AL31: =IFERROR(VLOOKUP($C31,'HC & Open Position'!$D$3:$P$55,12,0),"") -> 0 | AM31: =SUM(AI31:AL31) -> 0 | AP31: =U31-SUM(AA31+AM31+AD31-AO31) -> 1.0777778
A32: CNO0000132 | B32: Mahindra Finance | C32: Mahindra Finance | D32: Financial | E32: 45383 | F32: 46140 | G32: Anjli Zutshi | H32: Geetu Lalwani | I32: West | J32: =IFERROR(VLOOKUP(C32,CPH!$A:$E,5,0),"") -> 62000 | K32: 11.1 | N32: 1.3036395 | O32: 1.2831215 | P32: =IFERROR(N32*1.3,1.8) -> 1.6947313 | Q32: =IFERROR(K32/(P32*3),"") -> 2.1832369 | R32: =IFERROR(Q32/8,"") -> 0.27290462 | S32: =IFERROR(R32/8,"") -> 0.034113077 | T32: =IFERROR(S32/3,"") -> 0.011371026 | U32: =SUM(Q32:T32) -> 2.5016257 | W32: =IFERROR(VLOOKUP($C32,'HC & Open Position'!$D:$J,MATCH(W$3,'HC & Open Position'!$D$3:$J$3,1),0),"") -> 0 | X32: =IFERROR(VLOOKUP($C32,'HC & Open Position'!$D:$J,MATCH(X$3,'HC & Open Position'!$D$3:$J$3,1),0),"") -> 0 | Y32: =IFERROR(VLOOKUP($C32,'HC & Open Position'!$D:$J,MATCH(Y$3,'HC & Open Position'!$D$3:$J$3,1),0),"") -> 1 | Z32: =IFERROR(VLOOKUP($C32,'HC & Open Position'!$D:$J,MATCH(Z$3,'HC & Open Position'!$D$3:$J$3,1),0),"") -> 0 | AA32: =SUM(W32:Z32) -> 1 | AB32: =U32-AA32 -> 1.5016257 | AI32: =IFERROR(VLOOKUP($C32,'HC & Open Position'!$D$3:$P$55,9,0),"") -> 0 | AJ32: =IFERROR(VLOOKUP($C32,'HC & Open Position'!$D$3:$P$55,10,0),"") -> 0 | AK32: =IFERROR(VLOOKUP($C32,'HC & Open Position'!$D$3:$P$55,11,0),"") -> 0 | AL32: =IFERROR(VLOOKUP($C32,'HC & Open Position'!$D$3:$P$55,12,0),"") -> 0 | AM32: =SUM(AI32:AL32) -> 0 | AP32: =U32-SUM(AA32+AM32+AD32-AO32) -> 1.5016257
B33: Suzuki | C33: Suzuki R&D | G33: Anjli Zutshi | H33: Naved Falak | I33: North | J33: =IFERROR(VLOOKUP(C33,CPH!$A:$E,5,0),"") -> 60000 | K33: 0 | N33: - | O33: 0.62068751 | P33: =IFERROR(N33*1.3,1.8) -> 1.8 | Q33: =IFERROR(K33/(P33*3),"") -> 0 | R33: =IFERROR(Q33/8,"") -> 0 | S33: =IFERROR(R33/8,"") -> 0 | T33: =IFERROR(S33/3,"") -> 0 | U33: =SUM(Q33:T33) -> 0 | W33: =IFERROR(VLOOKUP($C33,'HC & Open Position'!$D:$J,MATCH(W$3,'HC & Open Position'!$D$3:$J$3,1),0),"") -> 1 | X33: =IFERROR(VLOOKUP($C33,'HC & Open Position'!$D:$J,MATCH(X$3,'HC & Open Position'!$D$3:$J$3,1),0),"") -> 0 | Y33: =IFERROR(VLOOKUP($C33,'HC & Open Position'!$D:$J,MATCH(Y$3,'HC & Open Position'!$D$3:$J$3,1),0),"") -> 0 | Z33: =IFERROR(VLOOKUP($C33,'HC & Open Position'!$D:$J,MATCH(Z$3,'HC & Open Position'!$D$3:$J$3,1),0),"") -> 0 | AA33: =SUM(W33:Z33) -> 1 | AB33: =U33-AA33 -> -1 | AI33: =IFERROR(VLOOKUP($C33,'HC & Open Position'!$D$3:$P$55,9,0),"") -> 0 | AJ33: =IFERROR(VLOOKUP($C33,'HC & Open Position'!$D$3:$P$55,10,0),"") -> 0 | AK33: =IFERROR(VLOOKUP($C33,'HC & Open Position'!$D$3:$P$55,11,0),"") -> 0 | AL33: =IFERROR(VLOOKUP($C33,'HC & Open Position'!$D$3:$P$55,12,0),"") -> 0 | AM33: =SUM(AI33:AL33) -> 0 | AP33: =U33-SUM(AA33+AM33+AD33-AO33) -> -1
A34: CNO0000146 | B34: Subros | C34: Subros Ltd | D34: Manufacturing | E34: 45505 | F34: 46247 | G34: Anjli Zutshi | H34: Naved Falak | I34: North | J34: =IFERROR(VLOOKUP(C34,CPH!$A:$E,5,0),"") -> 54000 | K34: 12.8 | N34: 2.2 | O34: 0.66 | P34: =IFERROR(N34*1.3,1.8) -> 2.86 | Q34: =IFERROR(K34/(P34*3),"") -> 1.4918415 | R34: =IFERROR(Q34/8,"") -> 0.18648019 | S34: =IFERROR(R34/8,"") -> 0.023310023 | T34: =IFERROR(S34/3,"") -> 0.0077700078 | U34: =SUM(Q34:T34) -> 1.7094017 | W34: =IFERROR(VLOOKUP($C34,'HC & Open Position'!$D:$J,MATCH(W$3,'HC & Open Position'!$D$3:$J$3,1),0),"") -> 3 | X34: =IFERROR(VLOOKUP($C34,'HC & Open Position'!$D:$J,MATCH(X$3,'HC & Open Position'!$D$3:$J$3,1),0),"") -> 0 | Y34: =IFERROR(VLOOKUP($C34,'HC & Open Position'!$D:$J,MATCH(Y$3,'HC & Open Position'!$D$3:$J$3,1),0),"") -> 0 | Z34: =IFERROR(VLOOKUP($C34,'HC & Open Position'!$D:$J,MATCH(Z$3,'HC & Open Position'!$D$3:$J$3,1),0),"") -> 0 | AA34: =SUM(W34:Z34) -> 3 | AB34: =U34-AA34 -> -1.2905983 | AI34: =IFERROR(VLOOKUP($C34,'HC & Open Position'!$D$3:$P$55,9,0),"") -> 0 | AJ34: =IFERROR(VLOOKUP($C34,'HC & Open Position'!$D$3:$P$55,10,0),"") -> 0 | AK34: =IFERROR(VLOOKUP($C34,'HC & Open Position'!$D$3:$P$55,11,0),"") -> 0 | AL34: =IFERROR(VLOOKUP($C34,'HC & Open Position'!$D$3:$P$55,12,0),"") -> 0 | AM34: =SUM(AI34:AL34) -> 0 | AP34: =U34-SUM(AA34+AM34+AD34-AO34) -> -1.2905983
A35: CNO0000144 | B35: Atomberg | C35: Atomberg Technologies | D35: Manufacturing | E35: 45505 | F35: 46699 | G35: Anjli Zutshi | H35: Geetu Lalwani | I35: West | J35: =IFERROR(VLOOKUP(C35,CPH!$A:$E,5,0),"") -> 41600 | K35: 24.98 | N35: 1.9 | O35: 1.6091534 | P35: =IFERROR(N35*1.3,1.8) -> 2.47 | Q35: =IFERROR(K35/(P35*3),"") -> 3.3711201 | R35: =IFERROR(Q35/8,"") -> 0.42139001 | S35: =IFERROR(R35/8,"") -> 0.052673752 | T35: =IFERROR(S35/3,"") -> 0.017557917 | U35: =SUM(Q35:T35) -> 3.8627418 | W35: =IFERROR(VLOOKUP($C35,'HC & Open Position'!$D:$J,MATCH(W$3,'HC & Open Position'!$D$3:$J$3,1),0),"") -> 4 | X35: =IFERROR(VLOOKUP($C35,'HC & Open Position'!$D:$J,MATCH(X$3,'HC & Open Position'!$D$3:$J$3,1),0),"") -> 1 | Y35: =IFERROR(VLOOKUP($C35,'HC & Open Position'!$D:$J,MATCH(Y$3,'HC & Open Position'!$D$3:$J$3,1),0),"") -> 0 | Z35: =IFERROR(VLOOKUP($C35,'HC & Open Position'!$D:$J,MATCH(Z$3,'HC & Open Position'!$D$3:$J$3,1),0),"") -> 0 | AA35: =SUM(W35:Z35) -> 5 | AB35: =U35-AA35 -> -1.1372582 | AI35: =IFERROR(VLOOKUP($C35,'HC & Open Position'!$D$3:$P$55,9,0),"") -> 0 | AJ35: =IFERROR(VLOOKUP($C35,'HC & Open Position'!$D$3:$P$55,10,0),"") -> 0 | AK35: =IFERROR(VLOOKUP($C35,'HC & Open Position'!$D$3:$P$55,11,0),"") -> 0 | AL35: =IFERROR(VLOOKUP($C35,'HC & Open Position'!$D$3:$P$55,12,0),"") -> 0 | AM35: =SUM(AI35:AL35) -> 0 | AP35: =U35-SUM(AA35+AM35+AD35-AO35) -> -1.1372582
A36: CNO0000162 | B36: Bridgestone | C36: Bridgestone | D36: Manufacturing | E36: 45600 | F36: 46330 | G36: Anjli Zutshi | H36: Shweta Shalini | I36: West | J36: =IFERROR(VLOOKUP(C36,CPH!$A:$E,5,0),"") | K36: 10.86 | N36: 0.96666667 | O36: 2.1749833 | P36: 2.4 | Q36: =IFERROR(K36/(P36*3),"") -> 1.5083333 | R36: =IFERROR(Q36/8,"") -> 0.18854167 | S36: =IFERROR(R36/8,"") -> 0.023567708 | T36: =IFERROR(S36/3,"") -> 0.0078559028 | U36: =SUM(Q36:T36) -> 1.7282986 | W36: =IFERROR(VLOOKUP($C36,'HC & Open Position'!$D:$J,MATCH(W$3,'HC & Open Position'!$D$3:$J$3,1),0),"") -> 2 | X36: =IFERROR(VLOOKUP($C36,'HC & Open Position'!$D:$J,MATCH(X$3,'HC & Open Position'!$D$3:$J$3,1),0),"") -> 1 | Y36: =IFERROR(VLOOKUP($C36,'HC & Open Position'!$D:$J,MATCH(Y$3,'HC & Open Position'!$D$3:$J$3,1),0),"") -> 0 | Z36: =IFERROR(VLOOKUP($C36,'HC & Open Position'!$D:$J,MATCH(Z$3,'HC & Open Position'!$D$3:$J$3,1),0),"") -> 0 | AA36: =SUM(W36:Z36) -> 3 | AB36: =U36-AA36 -> -1.2717014 | AI36: =IFERROR(VLOOKUP($C36,'HC & Open Position'!$D$3:$P$55,9,0),"") -> 0 | AJ36: =IFERROR(VLOOKUP($C36,'HC & Open Position'!$D$3:$P$55,10,0),"") -> 0 | AK36: =IFERROR(VLOOKUP($C36,'HC & Open Position'!$D$3:$P$55,11,0),"") -> 0 | AL36: =IFERROR(VLOOKUP($C36,'HC & Open Position'!$D$3:$P$55,12,0),"") -> 0 | AM36: =SUM(AI36:AL36) -> 0 | AP36: =U36-SUM(AA36+AM36+AD36-AO36) -> -1.2717014
A37: CNO0000147 | B37: Ambuja | C37: Ambuja Cement | D37: Manufacturing | E37: 45536 | F37: 46656 | G37: Anjli Zutshi | H37: Elton Francis Isaac | I37: West | J37: =IFERROR(VLOOKUP(C37,CPH!$A:$E,5,0),"") -> 32000 | K37: 122.59 | N37: 0.9 | O37: 1.6376302 | P37: 2 | Q37: =IFERROR(K37/(P37*3),"") -> 20.431667 | R37: =IFERROR(Q37/8,"") -> 2.5539583 | S37: =IFERROR(R37/8,"") -> 0.31924479 | T37: =IFERROR(S37/3,"") -> 0.10641493 | U37: =SUM(Q37:T37) -> 23.411285 | W37: =IFERROR(VLOOKUP($C37,'HC & Open Position'!$D:$J,MATCH(W$3,'HC & Open Position'!$D$3:$J$3,1),0),"") -> 22 | X37: =IFERROR(VLOOKUP($C37,'HC & Open Position'!$D:$J,MATCH(X$3,'HC & Open Position'!$D$3:$J$3,1),0),"") -> 1 | Y37: =IFERROR(VLOOKUP($C37,'HC & Open Position'!$D:$J,MATCH(Y$3,'HC & Open Position'!$D$3:$J$3,1),0),"") -> 0 | Z37: =IFERROR(VLOOKUP($C37,'HC & Open Position'!$D:$J,MATCH(Z$3,'HC & Open Position'!$D$3:$J$3,1),0),"") -> 0 | AA37: =SUM(W37:Z37) -> 23 | AB37: =U37-AA37 -> 0.41128472 | AD37: 6 | AG37: 1 | AI37: =IFERROR(VLOOKUP($C37,'HC & Open Position'!$D$3:$P$55,9,0),"") -> 1 | AJ37: =IFERROR(VLOOKUP($C37,'HC & Open Position'!$D$3:$P$55,10,0),"") -> 0 | AK37: =IFERROR(VLOOKUP($C37,'HC & Open Position'!$D$3:$P$55,11,0),"") -> 0 | AL37: =IFERROR(VLOOKUP($C37,'HC & Open Position'!$D$3:$P$55,12,0),"") -> 0 | AM37: =SUM(AI37:AL37) -> 1 | AO37: 1 | AP37: =U37-SUM(AA37+AM37+AD37-AO37) -> -5.5887153
A38: CNO0000148 | B38: Ashok Leyland | C38: ASHOK LEYLAND LIMITED | D38: Manufacturing | E38: 45587 | F38: 45952 | G38: Sulabh Arora | H38: Krishna Kumar Pillai | I38: South | J38: =IFERROR(VLOOKUP(C38,CPH!$A:$E,5,0),"") -> 97346 | K38: 42 | N38: 1.5 | O38: 1.7 | P38: =IFERROR(N38*1.3,1.8) -> 1.95 | Q38: =IFERROR(K38/(P38*3),"") -> 7.1794872 | R38: =IFERROR(Q38/8,"") -> 0.8974359 | S38: =IFERROR(R38/8,"") -> 0.11217949 | T38: =IFERROR(S38/3,"") -> 0.037393162 | U38: =SUM(Q38:T38) -> 8.2264957 | W38: =IFERROR(VLOOKUP($C38,'HC & Open Position'!$D:$J,MATCH(W$3,'HC & Open Position'!$D$3:$J$3,1),0),"") -> 10 | X38: =IFERROR(VLOOKUP($C38,'HC & Open Position'!$D:$J,MATCH(X$3,'HC & Open Position'!$D$3:$J$3,1),0),"") -> 4 | Y38: =IFERROR(VLOOKUP($C38,'HC & Open Position'!$D:$J,MATCH(Y$3,'HC & Open Position'!$D$3:$J$3,1),0),"") -> 0 | Z38: =IFERROR(VLOOKUP($C38,'HC & Open Position'!$D:$J,MATCH(Z$3,'HC & Open Position'!$D$3:$J$3,1),0),"") -> 0 | AA38: =SUM(W38:Z38) -> 14 | AB38: =U38-AA38 -> -5.7735043 | AD38: 2 | AI38: =IFERROR(VLOOKUP($C38,'HC & Open Position'!$D$3:$P$55,9,0),"") -> 0 | AJ38: =IFERROR(VLOOKUP($C38,'HC & Open Position'!$D$3:$P$55,10,0),"") -> 0 | AK38: =IFERROR(VLOOKUP($C38,'HC & Open Position'!$D$3:$P$55,11,0),"") -> 0 | AL38: =IFERROR(VLOOKUP($C38,'HC & Open Position'!$D$3:$P$55,12,0),"") -> 0 | AM38: =SUM(AI38:AL38) -> 0 | AP38: =U38-SUM(AA38+AM38+AD38-AO38) -> -7.7735043
A39: CNO0000163 | B39: Sterling Tool | C39: Sterling Tools | E39: 45616 | F39: 46710 | G39: Anjli Zutshi | H39: Naved Falak | I39: North | J39: =IFERROR(VLOOKUP(C39,CPH!$A:$E,5,0),"") -> 83000 | K39: 18.9 | N39: - | O39: 0.79399785 | P39: =IFERROR(N39*1.3,1.8) -> 1.8 | Q39: =IFERROR(K39/(P39*3),"") -> 3.5 | R39: =IFERROR(Q39/8,"") -> 0.4375 | S39: =IFERROR(R39/8,"") -> 0.0546875 | T39: =IFERROR(S39/3,"") -> 0.018229167 | U39: =SUM(Q39:T39) -> 4.0104167 | W39: =IFERROR(VLOOKUP($C39,'HC & Open Position'!$D:$J,MATCH(W$3,'HC & Open Position'!$D$3:$J$3,1),0),"") -> 3 | X39: =IFERROR(VLOOKUP($C39,'HC & Open Position'!$D:$J,MATCH(X$3,'HC & Open Position'!$D$3:$J$3,1),0),"") -> 1 | Y39: =IFERROR(VLOOKUP($C39,'HC & Open Position'!$D:$J,MATCH(Y$3,'HC & Open Position'!$D$3:$J$3,1),0),"") -> 0 | Z39: =IFERROR(VLOOKUP($C39,'HC & Open Position'!$D:$J,MATCH(Z$3,'HC & Open Position'!$D$3:$J$3,1),0),"") -> 0 | AA39: =SUM(W39:Z39) -> 4 | AB39: =U39-AA39 -> 0.010416667 | AI39: =IFERROR(VLOOKUP($C39,'HC & Open Position'!$D$3:$P$55,9,0),"") -> 0 | AJ39: =IFERROR(VLOOKUP($C39,'HC & Open Position'!$D$3:$P$55,10,0),"") -> 0 | AK39: =IFERROR(VLOOKUP($C39,'HC & Open Position'!$D$3:$P$55,11,0),"") -> 0 | AL39: =IFERROR(VLOOKUP($C39,'HC & Open Position'!$D$3:$P$55,12,0),"") -> 0 | AM39: =SUM(AI39:AL39) -> 0 | AP39: =U39-SUM(AA39+AM39+AD39-AO39) -> 0.010416667
A40: CNO0000170 | B40: M2P | C40: M2P Fintech | E40: 45639 | F40: 46368 | G40: Sulabh Arora | H40: Krishna Kumar Pillai | I40: South | J40: =IFERROR(VLOOKUP(C40,CPH!$A:$E,5,0),"") -> 60000 | K40: 0 | N40: 0.9 | O40: 1.5349463 | P40: 1.8 | Q40: =IFERROR(K40/(P40*3),"") -> 0 | R40: =IFERROR(Q40/8,"") -> 0 | S40: =IFERROR(R40/8,"") -> 0 | T40: =IFERROR(S40/3,"") -> 0 | U40: =SUM(Q40:T40) -> 0 | W40: =IFERROR(VLOOKUP($C40,'HC & Open Position'!$D:$J,MATCH(W$3,'HC & Open Position'!$D$3:$J$3,1),0),"") -> 1 | X40: =IFERROR(VLOOKUP($C40,'HC & Open Position'!$D:$J,MATCH(X$3,'HC & Open Position'!$D$3:$J$3,1),0),"") -> 0 | Y40: =IFERROR(VLOOKUP($C40,'HC & Open Position'!$D:$J,MATCH(Y$3,'HC & Open Position'!$D$3:$J$3,1),0),"") -> 0 | Z40: =IFERROR(VLOOKUP($C40,'HC & Open Position'!$D:$J,MATCH(Z$3,'HC & Open Position'!$D$3:$J$3,1),0),"") -> 0 | AA40: =SUM(W40:Z40) -> 1 | AB40: =U40-AA40 -> -1 | AI40: =IFERROR(VLOOKUP($C40,'HC & Open Position'!$D$3:$P$55,9,0),"") -> 0 | AJ40: =IFERROR(VLOOKUP($C40,'HC & Open Position'!$D$3:$P$55,10,0),"") -> 0 | AK40: =IFERROR(VLOOKUP($C40,'HC & Open Position'!$D$3:$P$55,11,0),"") -> 0 | AL40: =IFERROR(VLOOKUP($C40,'HC & Open Position'!$D$3:$P$55,12,0),"") -> 0 | AM40: =SUM(AI40:AL40) -> 0 | AP40: =U40-SUM(AA40+AM40+AD40-AO40) -> -1
A41: Common_1 | B41: Common | C41: Allocable | G41: - | H41: - | J41: =IFERROR(VLOOKUP(C41,CPH!$A:$E,5,0),"") | K41: 0 | N41: - | O41: - | P41: =IFERROR(N41*1.3,1.8) -> 1.8 | Q41: 4 | R41: 2 | S41: 1 | T41: 2 | U41: =SUM(Q41:T41) -> 9 | W41: 4 | X41: 2 | Y41: 1 | Z41: 2 | AA41: =SUM(W41:Z41) -> 9 | AB41: =U41-AA41 -> 0 | AG41: 2 | AI41: =IFERROR(VLOOKUP($C41,'HC & Open Position'!$D$3:$P$55,9,0),"") | AJ41: =IFERROR(VLOOKUP($C41,'HC & Open Position'!$D$3:$P$55,10,0),"") | AK41: 2 | AL41: =IFERROR(VLOOKUP($C41,'HC & Open Position'!$D$3:$P$55,12,0),"") | AM41: =SUM(AI41:AL41) -> 2 | AP41: =U41-SUM(AA41+AM41+AD41-AO41) -> -2
B42: Pernod Ricard | C42: Pernod Ricard | G42: Anjli Zutshi | H42: Naved Falak | I42: North | J42: =IFERROR(VLOOKUP(C42,CPH!$A:$E,5,0),"") | K42: 30.15 | N42: - | O42: 0.75748983 | P42: =IFERROR(N42*1.3,1.8) -> 1.8 | Q42: =IFERROR(K42/(P42*3),"") -> 5.5833333 | R42: =IFERROR(Q42/8,"") -> 0.69791667 | S42: =IFERROR(R42/8,"") -> 0.087239583 | T42: =IFERROR(S42/3,"") -> 0.029079861 | U42: =SUM(Q42:T42) -> 6.3975694 | W42: =IFERROR(VLOOKUP($C42,'HC & Open Position'!$D:$J,MATCH(W$3,'HC & Open Position'!$D$3:$J$3,1),0),"") -> 4 | X42: =IFERROR(VLOOKUP($C42,'HC & Open Position'!$D:$J,MATCH(X$3,'HC & Open Position'!$D$3:$J$3,1),0),"") -> 2 | Y42: =IFERROR(VLOOKUP($C42,'HC & Open Position'!$D:$J,MATCH(Y$3,'HC & Open Position'!$D$3:$J$3,1),0),"") -> 0 | Z42: =IFERROR(VLOOKUP($C42,'HC & Open Position'!$D:$J,MATCH(Z$3,'HC & Open Position'!$D$3:$J$3,1),0),"") -> 0 | AA42: =SUM(W42:Z42) -> 6 | AB42: =U42-AA42 -> 0.39756944 | AI42: =IFERROR(VLOOKUP($C42,'HC & Open Position'!$D$3:$P$55,9,0),"") -> 0 | AJ42: =IFERROR(VLOOKUP($C42,'HC & Open Position'!$D$3:$P$55,10,0),"") -> 0 | AK42: =IFERROR(VLOOKUP($C42,'HC & Open Position'!$D$3:$P$55,11,0),"") -> 0 | AL42: =IFERROR(VLOOKUP($C42,'HC & Open Position'!$D$3:$P$55,12,0),"") -> 0 | AM42: =SUM(AI42:AL42) -> 0 | AP42: =U42-SUM(AA42+AM42+AD42-AO42) -> 0.39756944
B43: ABB | C43: ABB | G43: Sulabh Arora | H43: Sulabh Arora | I43: South | J43: =IFERROR(VLOOKUP(C43,CPH!$A:$E,5,0),"") | K43: 17.02 | N43: - | O43: 0.54157623 | P43: =IFERROR(N43*1.3,1.8) -> 1.8 | Q43: =IFERROR(K43/(P43*3),"") -> 3.1518519 | R43: =IFERROR(Q43/8,"") -> 0.39398148 | S43: =IFERROR(R43/8,"") -> 0.049247685 | T43: =IFERROR(S43/3,"") -> 0.016415895 | U43: =SUM(Q43:T43) -> 3.6114969 | W43: =IFERROR(VLOOKUP($C43,'HC & Open Position'!$D:$J,MATCH(W$3,'HC & Open Position'!$D$3:$J$3,1),0),"") -> 3 | X43: =IFERROR(VLOOKUP($C43,'HC & Open Position'!$D:$J,MATCH(X$3,'HC & Open Position'!$D$3:$J$3,1),0),"") -> 1 | Y43: =IFERROR(VLOOKUP($C43,'HC & Open Position'!$D:$J,MATCH(Y$3,'HC & Open Position'!$D$3:$J$3,1),0),"") -> 0 | Z43: =IFERROR(VLOOKUP($C43,'HC & Open Position'!$D:$J,MATCH(Z$3,'HC & Open Position'!$D$3:$J$3,1),0),"") -> 0 | AA43: =SUM(W43:Z43) -> 4 | AB43: =U43-AA43 -> -0.38850309 | AI43: =IFERROR(VLOOKUP($C43,'HC & Open Position'!$D$3:$P$55,9,0),"") -> 0 | AJ43: =IFERROR(VLOOKUP($C43,'HC & Open Position'!$D$3:$P$55,10,0),"") -> 0 | AK43: =IFERROR(VLOOKUP($C43,'HC & Open Position'!$D$3:$P$55,11,0),"") -> 0 | AL43: =IFERROR(VLOOKUP($C43,'HC & Open Position'!$D$3:$P$55,12,0),"") -> 0 | AM43: =SUM(AI43:AL43) -> 0 | AP43: =U43-SUM(AA43+AM43+AD43-AO43) -> -0.38850309
B44: Nagarjuna | C44: Nagarjuna | G44: Sulabh Arora | I44: South | J44: =IFERROR(VLOOKUP(C44,CPH!$A:$E,5,0),"") | K44: 0 | N44: - | O44: 4 | P44: =IFERROR(N44*1.3,1.8) -> 1.8 | Q44: =IFERROR(K44/(P44*3),"") -> 0 | R44: =IFERROR(Q44/8,"") -> 0 | S44: =IFERROR(R44/8,"") -> 0 | T44: =IFERROR(S44/3,"") -> 0 | U44: =SUM(Q44:T44) -> 0 | W44: =IFERROR(VLOOKUP($C44,'HC & Open Position'!$D:$J,MATCH(W$3,'HC & Open Position'!$D$3:$J$3,1),0),"") | X44: =IFERROR(VLOOKUP($C44,'HC & Open Position'!$D:$J,MATCH(X$3,'HC & Open Position'!$D$3:$J$3,1),0),"") | Y44: =IFERROR(VLOOKUP($C44,'HC & Open Position'!$D:$J,MATCH(Y$3,'HC & Open Position'!$D$3:$J$3,1),0),"") | Z44: =IFERROR(VLOOKUP($C44,'HC & Open Position'!$D:$J,MATCH(Z$3,'HC & Open Position'!$D$3:$J$3,1),0),"") | AA44: =SUM(W44:Z44) -> 0 | AB44: =U44-AA44 -> 0 | AI44: =IFERROR(VLOOKUP($C44,'HC & Open Position'!$D$3:$P$55,9,0),"") | AJ44: =IFERROR(VLOOKUP($C44,'HC & Open Position'!$D$3:$P$55,10,0),"") | AK44: =IFERROR(VLOOKUP($C44,'HC & Open Position'!$D$3:$P$55,11,0),"") | AL44: =IFERROR(VLOOKUP($C44,'HC & Open Position'!$D$3:$P$55,12,0),"") | AM44: =SUM(AI44:AL44) -> 0 | AP44: =U44-SUM(AA44+AM44+AD44-AO44) -> 0
B45: Leap | C45: Leap | G45: Anjli Zutshi | H45: =VLOOKUP(C45,Mapping!A:C,3,0) -> Geetu Lalwani | I45: West | J45: =IFERROR(VLOOKUP(C45,CPH!$A:$E,5,0),"") | K45: 32.3 | N45: - | O45: 1.5 | P45: =IFERROR(N45*1.3,1.8) -> 1.8 | Q45: =IFERROR(K45/(P45*3),"") -> 5.9814815 | R45: =IFERROR(Q45/8,"") -> 0.74768519 | S45: =IFERROR(R45/8,"") -> 0.093460648 | T45: =IFERROR(S45/3,"") -> 0.031153549 | U45: =SUM(Q45:T45) -> 6.8537809 | W45: =IFERROR(VLOOKUP($C45,'HC & Open Position'!$D:$J,MATCH(W$3,'HC & Open Position'!$D$3:$J$3,1),0),"") -> 5 | X45: =IFERROR(VLOOKUP($C45,'HC & Open Position'!$D:$J,MATCH(X$3,'HC & Open Position'!$D$3:$J$3,1),0),"") -> 1 | Y45: =IFERROR(VLOOKUP($C45,'HC & Open Position'!$D:$J,MATCH(Y$3,'HC & Open Position'!$D$3:$J$3,1),0),"") -> 0 | Z45: =IFERROR(VLOOKUP($C45,'HC & Open Position'!$D:$J,MATCH(Z$3,'HC & Open Position'!$D$3:$J$3,1),0),"") -> 0 | AA45: =SUM(W45:Z45) -> 6 | AB45: =U45-AA45 -> 0.85378086 | AG45: 1 | AI45: =IFERROR(VLOOKUP($C45,'HC & Open Position'!$D$3:$P$55,9,0),"") -> 0 | AJ45: =IFERROR(VLOOKUP($C45,'HC & Open Position'!$D$3:$P$55,10,0),"") -> 1 | AK45: =IFERROR(VLOOKUP($C45,'HC & Open Position'!$D$3:$P$55,11,0),"") -> 0 | AL45: =IFERROR(VLOOKUP($C45,'HC & Open Position'!$D$3:$P$55,12,0),"") -> 0 | AM45: =SUM(AI45:AL45) -> 1 | AO45: 3 | AP45: =U45-SUM(AA45+AM45+AD45-AO45) -> 2.8537809
B46: Unicharm | C46: Unicharm | I46: North | J46: =IFERROR(VLOOKUP(C46,CPH!$A:$E,5,0),"") | K46: 16.15 | N46: - | O46: 0 | P46: =IFERROR(N46*1.3,1.8) -> 1.8 | Q46: =IFERROR(K46/(P46*3),"") -> 2.9907407 | R46: =IFERROR(Q46/8,"") -> 0.37384259 | S46: =IFERROR(R46/8,"") -> 0.046730324 | T46: =IFERROR(S46/3,"") -> 0.015576775 | U46: =SUM(Q46:T46) -> 3.4268904 | W46: =IFERROR(VLOOKUP($C46,'HC & Open Position'!$D:$J,MATCH(W$3,'HC & Open Position'!$D$3:$J$3,1),0),"") -> 3 | X46: =IFERROR(VLOOKUP($C46,'HC & Open Position'!$D:$J,MATCH(X$3,'HC & Open Position'!$D$3:$J$3,1),0),"") -> 0 | Y46: =IFERROR(VLOOKUP($C46,'HC & Open Position'!$D:$J,MATCH(Y$3,'HC & Open Position'!$D$3:$J$3,1),0),"") -> 0 | Z46: =IFERROR(VLOOKUP($C46,'HC & Open Position'!$D:$J,MATCH(Z$3,'HC & Open Position'!$D$3:$J$3,1),0),"") -> 0 | AA46: =SUM(W46:Z46) -> 3 | AB46: =U46-AA46 -> 0.42689043 | AI46: =IFERROR(VLOOKUP($C46,'HC & Open Position'!$D$3:$P$55,9,0),"") -> 0 | AJ46: =IFERROR(VLOOKUP($C46,'HC & Open Position'!$D$3:$P$55,10,0),"") -> 0 | AK46: =IFERROR(VLOOKUP($C46,'HC & Open Position'!$D$3:$P$55,11,0),"") -> 0 | AL46: =IFERROR(VLOOKUP($C46,'HC & Open Position'!$D$3:$P$55,12,0),"") -> 0 | AM46: =SUM(AI46:AL46) -> 0 | AP46: =U46-SUM(AA46+AM46+AD46-AO46) -> 0.42689043
B47: Triveni | C47: Neosoft | I47: North | J47: =IFERROR(VLOOKUP(C47,CPH!$A:$E,5,0),"") | K47: 11.85 | N47: - | O47: 0 | P47: =IFERROR(N47*1.3,1.8) -> 1.8 | Q47: =IFERROR(K47/(P47*3),"") -> 2.1944444 | R47: =IFERROR(Q47/8,"") -> 0.27430556 | S47: =IFERROR(R47/8,"") -> 0.034288194 | T47: =IFERROR(S47/3,"") -> 0.011429398 | U47: =SUM(Q47:T47) -> 2.5144676 | W47: =IFERROR(VLOOKUP($C47,'HC & Open Position'!$D:$J,MATCH(W$3,'HC & Open Position'!$D$3:$J$3,1),0),"") -> 5 | X47: =IFERROR(VLOOKUP($C47,'HC & Open Position'!$D:$J,MATCH(X$3,'HC & Open Position'!$D$3:$J$3,1),0),"") -> 1 | Y47: =IFERROR(VLOOKUP($C47,'HC & Open Position'!$D:$J,MATCH(Y$3,'HC & Open Position'!$D$3:$J$3,1),0),"") -> 0 | Z47: =IFERROR(VLOOKUP($C47,'HC & Open Position'!$D:$J,MATCH(Z$3,'HC & Open Position'!$D$3:$J$3,1),0),"") -> 0 | AA47: =SUM(W47:Z47) -> 6 | AB47: =U47-AA47 -> -3.4855324 | AF47: 1 | AG47: 2 | AI47: =IFERROR(VLOOKUP($C47,'HC & Open Position'!$D$3:$P$55,9,0),"") -> 2 | AJ47: =IFERROR(VLOOKUP($C47,'HC & Open Position'!$D$3:$P$55,10,0),"") -> 1 | AK47: =IFERROR(VLOOKUP($C47,'HC & Open Position'!$D$3:$P$55,11,0),"") -> 0 | AL47: =IFERROR(VLOOKUP($C47,'HC & Open Position'!$D$3:$P$55,12,0),"") -> 0 | AM47: =SUM(AI47:AL47) -> 3 | AN47: 1 | AP47: =U47-SUM(AA47+AM47+AD47-AO47) -> -6.4855324
C48: Taggd Exclusive | I48: North | K48: 0 | N48: - | O48: 0 | P48: =IFERROR(N48*1.3,1.8) -> 1.8 | Q48: =IFERROR(K48/(P48*3),"") -> 0 | R48: =IFERROR(Q48/8,"") -> 0 | S48: =IFERROR(R48/8,"") -> 0 | T48: =IFERROR(S48/3,"") -> 0 | U48: =SUM(Q48:T48) -> 0 | W48: =IFERROR(VLOOKUP($C48,'HC & Open Position'!$D:$J,MATCH(W$3,'HC & Open Position'!$D$3:$J$3,1),0),"") -> 3 | X48: =IFERROR(VLOOKUP($C48,'HC & Open Position'!$D:$J,MATCH(X$3,'HC & Open Position'!$D$3:$J$3,1),0),"") -> 0 | Y48: =IFERROR(VLOOKUP($C48,'HC & Open Position'!$D:$J,MATCH(Y$3,'HC & Open Position'!$D$3:$J$3,1),0),"") -> 0 | Z48: =IFERROR(VLOOKUP($C48,'HC & Open Position'!$D:$J,MATCH(Z$3,'HC & Open Position'!$D$3:$J$3,1),0),"") -> 0 | AA48: =SUM(W48:Z48) -> 3 | AB48: =U48-AA48 -> -3 | AI48: =IFERROR(VLOOKUP($C48,'HC & Open Position'!$D$3:$P$55,9,0),"") -> 0 | AJ48: =IFERROR(VLOOKUP($C48,'HC & Open Position'!$D$3:$P$55,10,0),"") -> 0 | AK48: =IFERROR(VLOOKUP($C48,'HC & Open Position'!$D$3:$P$55,11,0),"") -> 0 | AL48: =IFERROR(VLOOKUP($C48,'HC & Open Position'!$D$3:$P$55,12,0),"") -> 0 | AM48: =SUM(AI48:AL48) -> 0 | AP48: =U48-SUM(AA48+AM48+AD48-AO48) -> -3
C49: Middle East | I49: North | K49: 0 | N49: - | O49: 0 | P49: =IFERROR(N49*1.3,1.8) -> 1.8 | Q49: =IFERROR(K49/(P49*3),"") -> 0 | R49: =IFERROR(Q49/8,"") -> 0 | S49: =IFERROR(R49/8,"") -> 0 | T49: =IFERROR(S49/3,"") -> 0 | U49: =SUM(Q49:T49) -> 0 | W49: =IFERROR(VLOOKUP($C49,'HC & Open Position'!$D:$J,MATCH(W$3,'HC & Open Position'!$D$3:$J$3,1),0),"") -> 1 | X49: =IFERROR(VLOOKUP($C49,'HC & Open Position'!$D:$J,MATCH(X$3,'HC & Open Position'!$D$3:$J$3,1),0),"") -> 0 | Y49: =IFERROR(VLOOKUP($C49,'HC & Open Position'!$D:$J,MATCH(Y$3,'HC & Open Position'!$D$3:$J$3,1),0),"") -> 0 | Z49: =IFERROR(VLOOKUP($C49,'HC & Open Position'!$D:$J,MATCH(Z$3,'HC & Open Position'!$D$3:$J$3,1),0),"") -> 0 | AA49: =SUM(W49:Z49) -> 1 | AB49: =U49-AA49 -> -1 | AI49: =IFERROR(VLOOKUP($C49,'HC & Open Position'!$D$3:$P$55,9,0),"") -> 0 | AJ49: =IFERROR(VLOOKUP($C49,'HC & Open Position'!$D$3:$P$55,10,0),"") -> 0 | AK49: =IFERROR(VLOOKUP($C49,'HC & Open Position'!$D$3:$P$55,11,0),"") -> 0 | AL49: =IFERROR(VLOOKUP($C49,'HC & Open Position'!$D$3:$P$55,12,0),"") -> 0 | AM49: =SUM(AI49:AL49) -> 0 | AP49: =U49-SUM(AA49+AM49+AD49-AO49) -> -1
C50: Saint Gobain | I50: West | K50: 7.44 | N50: - | O50: 0 | P50: =IFERROR(N50*1.3,1.8) -> 1.8 | Q50: =IFERROR(K50/(P50*3),"") -> 1.3777778 | R50: =IFERROR(Q50/8,"") -> 0.17222222 | S50: =IFERROR(R50/8,"") -> 0.021527778 | T50: =IFERROR(S50/3,"") -> 0.0071759259 | U50: =SUM(Q50:T50) -> 1.5787037 | W50: =IFERROR(VLOOKUP($C50,'HC & Open Position'!$D:$J,MATCH(W$3,'HC & Open Position'!$D$3:$J$3,1),0),"") -> 10 | X50: =IFERROR(VLOOKUP($C50,'HC & Open Position'!$D:$J,MATCH(X$3,'HC & Open Position'!$D$3:$J$3,1),0),"") -> 3 | Y50: =IFERROR(VLOOKUP($C50,'HC & Open Position'!$D:$J,MATCH(Y$3,'HC & Open Position'!$D$3:$J$3,1),0),"") -> 0 | Z50: =IFERROR(VLOOKUP($C50,'HC & Open Position'!$D:$J,MATCH(Z$3,'HC & Open Position'!$D$3:$J$3,1),0),"") -> 0 | AA50: =SUM(W50:Z50) -> 13 | AB50: =U50-AA50 -> -11.421296 | AF50: 1 | AG50: 1 | AI50: =IFERROR(VLOOKUP($C50,'HC & Open Position'!$D$3:$P$55,9,0),"") -> 1 | AJ50: =IFERROR(VLOOKUP($C50,'HC & Open Position'!$D$3:$P$55,10,0),"") -> 0 | AK50: =IFERROR(VLOOKUP($C50,'HC & Open Position'!$D$3:$P$55,11,0),"") -> 1 | AL50: =IFERROR(VLOOKUP($C50,'HC & Open Position'!$D$3:$P$55,12,0),"") -> 0 | AM50: =SUM(AI50:AL50) -> 2 | AN50: 1 | AP50: =U50-SUM(AA50+AM50+AD50-AO50) -> -13.421296
C51: TCG Group | J51: =IFERROR(VLOOKUP(C51,CPH!$A:$E,5,0),"") | K51: 2 | N51: - | O51: 0 | P51: =IFERROR(N51*1.3,1.8) -> 1.8 | Q51: =IFERROR(K51/(P51*3),"") -> 0.37037037 | R51: =IFERROR(Q51/8,"") -> 0.046296296 | S51: =IFERROR(R51/8,"") -> 0.005787037 | T51: =IFERROR(S51/3,"") -> 0.0019290123 | U51: =SUM(Q51:T51) -> 0.42438272 | W51: =IFERROR(VLOOKUP($C51,'HC & Open Position'!$D:$J,MATCH(W$3,'HC & Open Position'!$D$3:$J$3,1),0),"") | X51: =IFERROR(VLOOKUP($C51,'HC & Open Position'!$D:$J,MATCH(X$3,'HC & Open Position'!$D$3:$J$3,1),0),"") | Y51: =IFERROR(VLOOKUP($C51,'HC & Open Position'!$D:$J,MATCH(Y$3,'HC & Open Position'!$D$3:$J$3,1),0),"") | Z51: =IFERROR(VLOOKUP($C51,'HC & Open Position'!$D:$J,MATCH(Z$3,'HC & Open Position'!$D$3:$J$3,1),0),"") | AA51: =SUM(W51:Z51) -> 0 | AB51: =U51-AA51 -> 0.42438272 | AI51: =IFERROR(VLOOKUP($C51,'HC & Open Position'!$D$3:$P$55,9,0),"") | AJ51: =IFERROR(VLOOKUP($C51,'HC & Open Position'!$D$3:$P$55,10,0),"") | AK51: =IFERROR(VLOOKUP($C51,'HC & Open Position'!$D$3:$P$55,11,0),"") | AL51: =IFERROR(VLOOKUP($C51,'HC & Open Position'!$D$3:$P$55,12,0),"") | AM51: =SUM(AI51:AL51) -> 0 | AP51: =U51-SUM(AA51+AM51+AD51-AO51) -> 0.42438272
C52: Metglass | K52: 10.3 | N52: - | O52: 0 | P52: =IFERROR(N52*1.3,1.8) -> 1.8 | Q52: =IFERROR(K52/(P52*3),"") -> 1.9074074 | R52: =IFERROR(Q52/8,"") -> 0.23842593 | S52: =IFERROR(R52/8,"") -> 0.029803241 | T52: =IFERROR(S52/3,"") -> 0.0099344136 | U52: =SUM(Q52:T52) -> 2.185571 | W52: =IFERROR(VLOOKUP($C52,'HC & Open Position'!$D:$J,MATCH(W$3,'HC & Open Position'!$D$3:$J$3,1),0),"") -> 1 | X52: =IFERROR(VLOOKUP($C52,'HC & Open Position'!$D:$J,MATCH(X$3,'HC & Open Position'!$D$3:$J$3,1),0),"") -> 0 | Y52: =IFERROR(VLOOKUP($C52,'HC & Open Position'!$D:$J,MATCH(Y$3,'HC & Open Position'!$D$3:$J$3,1),0),"") -> 0 | Z52: =IFERROR(VLOOKUP($C52,'HC & Open Position'!$D:$J,MATCH(Z$3,'HC & Open Position'!$D$3:$J$3,1),0),"") -> 0 | AA52: =SUM(W52:Z52) -> 1 | AB52: =U52-AA52 -> 1.185571 | AG52: 1 | AI52: =IFERROR(VLOOKUP($C52,'HC & Open Position'!$D$3:$P$55,9,0),"") -> 1 | AJ52: =IFERROR(VLOOKUP($C52,'HC & Open Position'!$D$3:$P$55,10,0),"") -> 0 | AK52: =IFERROR(VLOOKUP($C52,'HC & Open Position'!$D$3:$P$55,11,0),"") -> 0 | AL52: =IFERROR(VLOOKUP($C52,'HC & Open Position'!$D$3:$P$55,12,0),"") -> 0 | AM52: =SUM(AI52:AL52) -> 1 | AP52: =U52-SUM(AA52+AM52+AD52-AO52) -> 0.18557099
C53: CG Power | K53: 0 | N53: - | O53: 0 | P53: =IFERROR(N53*1.3,1.8) -> 1.8 | Q53: =IFERROR(K53/(P53*3),"") -> 0 | R53: =IFERROR(Q53/8,"") -> 0 | S53: =IFERROR(R53/8,"") -> 0 | T53: =IFERROR(S53/3,"") -> 0 | U53: =SUM(Q53:T53) -> 0 | W53: =IFERROR(VLOOKUP($C53,'HC & Open Position'!$D:$J,MATCH(W$3,'HC & Open Position'!$D$3:$J$3,1),0),"") -> 3 | X53: =IFERROR(VLOOKUP($C53,'HC & Open Position'!$D:$J,MATCH(X$3,'HC & Open Position'!$D$3:$J$3,1),0),"") -> 0 | Y53: =IFERROR(VLOOKUP($C53,'HC & Open Position'!$D:$J,MATCH(Y$3,'HC & Open Position'!$D$3:$J$3,1),0),"") -> 0 | Z53: =IFERROR(VLOOKUP($C53,'HC & Open Position'!$D:$J,MATCH(Z$3,'HC & Open Position'!$D$3:$J$3,1),0),"") -> 0 | AA53: =SUM(W53:Z53) -> 3 | AB53: =U53-AA53 -> -3 | AG53: 21 | AI53: =IFERROR(VLOOKUP($C53,'HC & Open Position'!$D$3:$P$55,9,0),"") -> 19 | AJ53: =IFERROR(VLOOKUP($C53,'HC & Open Position'!$D$3:$P$55,10,0),"") -> 2 | AK53: =IFERROR(VLOOKUP($C53,'HC & Open Position'!$D$3:$P$55,11,0),"") -> 0 | AL53: =IFERROR(VLOOKUP($C53,'HC & Open Position'!$D$3:$P$55,12,0),"") -> 0 | AM53: =SUM(AI53:AL53) -> 21 | AP53: =U53-SUM(AA53+AM53+AD53-AO53) -> -24

Sheet HR Guru | Lyftr
A1: Customer Name | B1: HR Guru
A2: Ambuja | B2: 6
A3: AMNS | B3: 0
A4: ASHOK LEYLAND LIMITED | B4: 2
A5: Birla Paints | B5: 1
A6: Digitization | B6: 0
A7: DP World | B7: 0
A8: Honeywell | B8: 0
A9: HPE | B9: 0
A10: Hyundai Motor | B10: 2
A11: Ingram Micro | B11: 0
A12: Internal (HR) | B12: 0
A13: Isuzu | B13: 0
... A35: Wipro | B35: 0
A36: Grand Total | B36: =SUM(B2:B35) -> 31.98
A39: Customer Name | B39: Lyftr
A40: Wipro | B40: 3

Sheet Open Positin List
A1: Index | B1: Requisition ID | C1: Requisition Status | D1: Requisition Create Date | E1: Requisition Approved Date | F1: Req Type | G1: Replacement Name | H1: Replacement Code | I1: Hiring Manager | J1: TA SPOC | K1: Work Level | L1: Grade | M1: Location | N1: Client | O1: Vertical (client) | P1: Designation | Q1: Status | R1: Candidate Name | S1: Date of offer | T1: Date of joining | U1: Whether the replacement person is existing in the system?
A2: 1 | B2: NA | C2: Not Created | D2: NA | E2: NA | F2: New | G2: NA | H2: NA | I2: Anshuman Srivastava | J2: Bhawna Keshri | K2: WL3 | L2: G9 | M2: Gurgaon | N2: AVP - Exec Search | O2: Leadership | P2: AVP - Executive Search | Q2: Open
A3: 2 | B3: tgd/pm/1382538 | C3: Approved | D3: 45819 | E3: 45820 | F3: Replacement | G3: Kaviyasuru | H3: 11175 | I3: Dhriti | J3: Bhawna Keshri | K3: WL2 | L3: G6 | M3: Chennai | N3: M&M | P3: Manager - RPO | Q3: Open | U3: Exited
A4: 3 | B4: tgd/m/1541058 | C4: Not Approved | D4: 45959 | E4: NA | F4: New | G4: NA | H4: NA | I4: Usha Babu Shetty | J4: Riya Singh | K4: WL2 | L4: G6 | M4: Mumbai | N4: Pfizer | P4: Manager RPO | Q4: Open
A5: 4 | B5: tgd/arm/1540331 | C5: Approved | D5: 45959 | E5: NA | F5: New | G5: NA | H5: NA | I5: Anjli Zutshi | J5: Riya Singh | K5: WL3 | L5: G9 | M5: Mumbai | N5: Regional Head (RPO) | P5: AVP - RPO | Q5: YTJ | R5: Sudha Pandey | S5: 46044 | T5: 46104
A6: 5 | B6: tgd/-/1557180 | C6: Approved | D6: 45976 | E6: 45979 | F6: New | G6: NA | H6: NA | I6: Ankit Dave | J6: Bhawna Keshri | K6: WL2 | L6: G6 | M6: Mumbai | N6: NeoSoft | P6: Manager RPO | Q6: Open
A7: 6 | B7: TGD/SM/1618240 | C7: Approved | D7: 46031 | E7: 46031 | F7: New | G7: NA | H7: NA | I7: Anjli Zutshi | J7: Bhawna Keshri | K7: WL3 | L7: G8 | M7: Mumbai | N7: Saint Gobain | P7: SDL | Q7: YTJ | R7: Sunita K Velayudhan | S7: 46037 | T7: 46079
A8: 7 | B8: tgd/pm/1621978 | C8: Approved | D8: 46036 | E8: 46036 | F8: New | G8: NA | H8: NA | I8: ARCHANA TRIKHA | J8: Riya Singh | K8: WL2 | L8: G6 | M8: Mumbai | N8: CG Power | P8: Manager | Q8: Open
A9: 8 | B9: tgd/pm/1621987 | C9: Approved | D9: 46036 | E9: 46036 | F9: New | G9: NA | H9: NA | I9: ARCHANA TRIKHA | J9: Riya Singh | K9: WL2 | L9: G6 | M9: Gurgaon | N9: CG Power | P9: Manager | Q9: Open
A10: 9 | B10: TGD/AMH/1608919 | C10: Approved | D10: 46020 | E10: NA | F10: New | G10: NA | H10: NA | I10: Shweta Shalini | J10: Riya Singh | K10: WL2 | L10: G5 | M10: Pune | N10: Hyundai Motor | P10: Assistant Manager | Q10: YTJ | R10: Chaitanya | S10: 46055 | T10: 46076
A11: 10 | B11: TGD/MT/1608895 | C11: Approved | D11: 46020 | E11: NA | F11: New | G11: NA | H11: NA | I11: Shweta Shalini | J11: Riya Singh | K11: WL2 | L11: G6 | M11: Pune | N11: Schaeffler | P11: Manager | Q11: Open
A12: 11 | B12: NA | C12: Not Created | D12: NA | E12: NA | F12: New | G12: NA | H12: NA | I12: Anshuman Srivastava | J12: Ashish Bhatt | K12: WL2 | L12: G8 | M12: Chennai | N12: Royal Enfield | P12: Service Delivery Lead | Q12: Open
A13: 12 | B13: tgd/m-r/1672529 | C13: Not Approved | D13: 46062 | E13: NA | F13: New | G13: NA | H13: NA | I13: Anjli Zutshi | J13: Anup | K13: Wl2 | L13: G6 | M13: Mumbai | N13: Leap | P13: Manager | Q13: Open
A14: 13 | B14: TGD/A-W/1610192 | C14: Approved | D14: 46021 | E14: 46063 | F14: New | G14: NA | H14: NA | I14: Anjli Zutshi | J14: Riya Singh | K14: WL3 | L14: G9 | M14: Ahmedabad | N14: M&M | P14: AVP - RPO | Q14: YTJ | R14: Sourabh | S14: 46064 | T14: 46125
A15: 14 | B15: TGD/SRA-R/1322477 | C15: Approved | D15: 45804 | E15: 45770 | F15: Replacement | G15: Aleem Kaleemuddin Shahzaad | H15: 10792 | I15: Bikash Ranjan Paikaray | J15: Arzoo Verma | K15: WL1 | L15: G3 | M15: Mumbai | N15: AMNS | O15: Non IT | P15: Senior Recruitment Associate | Q15: Open | U15: Exited
A16: 15 | B16: tgd/ra-a/1576333 | C16: Approved | D16: 45995 | E16: 45996 | F16: New | G16: NA | H16: NA | I16: Ankit Dave | J16: Arzoo Verma | K16: WL1 | L16: G3 | M16: Ahmedabad | N16: Ambuja Cement | O16: Non IT | P16: Senior Recruitment Associate | Q16: TBO | R16: nidhi
A17: 16 | B17: tgd/sra/1574469 | C17: Approved | D17: 45994 | E17: 45994 | F17: New | G17: NA | H17: NA | I17: Samuel Michael Fernandez | J17: Shalini Singh | K17: WL1 | L17: G3 | M17: Chennai | N17: Royal Enfield | O17: NON IT | P17: Senior Recruitment Associate | Q17: Open
A18: 17 | B18: NA | C18: Not Created | D18: 46035 | E18: NA | F18: New | G18: NA | H18: NA | I18: Geetu Lalwani | J18: Arzoo Verma | K18: WL1 | L18: G3 | M18: Mumbai | N18: Birla Paints | O18: Non IT | P18: Senior Recruitment Associate | Q18: Open
A19: 18 | B19: tgd/ra/1566759 | C19: Approved | D19: 45986 | E19: 45988 | F19: Replacement | G19: Priyanka Roy | H19: 11210 | I19: Manisha Tokas | J19: Arzoo Verma | K19: WL1 | L19: G3 | M19: Pune | N19: M&M | O19: Non IT | P19: Senior Recruitment Associate | Q19: Open | U19: Exited
A20: 19 | B20: tgd/sra-r/1557166 | C20: Approved | D20: 45976 | E20: 45979 | F20: New | G20: NA | H20: NA | I20: Sashi Bhushan | J20: Arzoo Verma | K20: WL1 | L20: G3 | M20: Mumbai | N20: Neosoft | O20: IT | P20: Senior Recruitment Associate | Q20: Open
A21: 20 | B21: TGD/RA/1570167 | C21: Approved | D21: 45989 | E21: 45993 | F21: Replacement | G21: Tirtha Mandar Karandekar | H21: 11194 | I21: Manisha Tokas | J21: Arzoo Verma | K21: WL1 | L21: G3 | M21: Mumbai | N21: M&M | O21: Non IT | P21: Senior Recruitment Associate | Q21: Open | U21: Active
A22: 21 | B22: TGD/SRA/1434962 | C22: Approved | D22: 45866 | E22: 45876 | F22: New | G22: NA | H22: NA | I22: Manisha Tokas | J22: Arzoo Verma | K22: WL1 | L22: G3 | M22: Mumbai | N22: M&M | O22: Non IT | P22: Senior Recruitment Associate | Q22: Open
A23: 22 | B23: tgd/srs/1572636 | C23: Not Approved | D23: 46028 | E23: NA | F23: Replacement | G23: Nidhi Chaudhary | H23: 25030 | I23: Manisha Tokas | J23: Arzoo Verma | K23: WL1 | L23: G3 | M23: Mumbai | N23: M&M | O23: Non IT | P23: Senior Recruitment Associate | Q23: Open | U23: Exited
A24: 23 | B24: TGD/SRA/1612543 | C24: Approved | D24: 46024 | E24: 46035 | F24: Replacement | G24: Yatri Sanjay Supadia | H24: 11327 | I24: Sashi Bhushan | J24: Arzoo Verma | K24: WL1 | L24: G3 | M24: Mumbai | N24: Neosoft | O24: IT | P24: Senior Recruitment Associate | Q24: Open | U24: Exited
A25: 24 | B25: tgd/lr-a/1621223 | C25: Approved | D25: 46035 | E25: 46037 | F25: New | G25: NA | H25: NA | I25: Alifiya Hirani | J25: Arzoo Verma | K25: WL1 | L25: G3 | M25: Hazira | N25: AMNS | O25: Non IT | P25: Senior Recruitment Associate | Q25: Open
A26: 25 | B26: NA | C26: Not Created | D26: NA | E26: NA | F26: New | G26: NA | H26: NA | I26: Alifiya Hirani | J26: Arzoo Verma | K26: WL1 | L26: G3 | M26: Hazira | N26: AMNS | O26: Non IT | P26: Senior Recruitment Associate | Q26: Open
A27: 26 | B27: tgd/sra/1621026 | C27: Not Approved | D27: 46035 | E27: NA | F27: New | G27: NA | H27: NA | I27: Geetu Lalwani | J27: Arzoo Verma | K27: WL1 | L27: G3 | M27: Mumbai | N27: Birla Paints | O27: Non IT | P27: Senior Recruitment Associate | Q27: Open
A28: 27 | B28: TGD/SRA/1618538 | C28: Approved | D28: 46037 | E28: 46038 | F28: Replacement | G28: Harshith P | H28: 11304 | I28: Suvarna Samir Rane | J28: Arzoo Verma | K28: WL1 | L28: G3 | M28: Mumbai | N28: Pidilite | O28: Non IT | P28: Senior Recruitment Associate | Q28: Open | U28: Exited
A29: 28 | B29: NA | C29: Not Created | D29: NA | E29: NA | F29: New | G29: NA | H29: NA | I29: Suvarna Samir Rane | J29: Arzoo Verma | K29: WL1 | L29: G3 | M29: Mumbai | N29: Pidilite | O29: Non IT | P29: Senior Recruitment Associate | Q29: Open
A30: 29 | B30: tgd/ra/1621301 | C30: Approved | D30: 46035 | E30: 46037 | F30: New | G30: NA | H30: NA | I30: Anjali Swamy | J30: Shalini Singh | K30: WL1 | L30: G2 | M30: Bhopal | N30: CG Power | O30: Non IT | P30: Recruitment Associate | Q30: Open
A31: 30 | B31: tgd/ra/1621309 | C31: Approved | D31: 46035 | E31: 46037 | F31: New | G31: NA | H31: NA | I31: Anjali Swamy | J31: Shalini Singh | K31: WL1 | L31: G2 | M31: Bhopal | N31: CG Power | O31: Non IT | P31: Recruitment Associate | Q31: Open
A32: 31 | B32: tgd/sra/1621907 | C32: Approved | D32: 46036 | E32: 46037 | F32: New | G32: NA | H32: NA | I32: Anjali Swamy | J32: Ayushi sharma | K32: WL1 | L32: G3 | M32: Nasik | N32: CG Power | O32: Non IT | P32: Senior Recruitment Associate | Q32: YTJ | R32: Sonali Pradip Aher | S32: 46065 | T32: 46083
A33: 32 | B33: tgd/sra/1621919 | C33: Approved | D33: 46036 | E33: 46036 | F33: New | G33: NA | H33: NA | I33: Anjali Swamy | J33: Shalini Singh | K33: WL1 | L33: G3 | M33: Nasik | N33: CG Power | O33: Non IT | P33: Senior Recruitment Associate | Q33: Open
A34: 33 | B34: tgd/sra/1621933 | C34: Approved | D34: 46036 | E34: 46036 | F34: New | G34: NA | H34: NA | I34: Anjali Swamy | J34: Shalini Singh | K34: WL1 | L34: G3 | M34: Ahmednagar | N34: CG Power | O34: Non IT | P34: Senior Recruitment Associate | Q34: Open
A35: 34 | B35: tgd/sra/1621937 | C35: Approved | D35: 46036 | E35: 46036 | F35: New | G35: NA | H35: NA | I35: Anjali Swamy | J35: Shalini Singh | K35: WL1 | L35: G3 | M35: Ahmednagar | N35: CG Power | O35: Non IT | P35: Senior Recruitment Associate | Q35: Open
A36: 35 | B36: tgd/sra/1621943 | C36: Approved | D36: 46036 | E36: 46036 | F36: New | G36: NA | H36: NA | I36: Anjali Swamy | J36: Shalini Singh | K36: WL1 | L36: G3 | M36: Mumbai | N36: CG Power | O36: Non IT | P36: Senior Recruitment Associate | Q36: Open
A37: 36 | B37: tgd/sra/1621953 | C37: Approved | D37: 46036 | E37: 46036 | F37: New | G37: NA | H37: NA | I37: Anjali Swamy | J37: Shalini Singh | K37: WL1 | L37: G3 | M37: Mumbai | N37: CG Power | O37: Non IT | P37: Senior Recruitment Associate | Q37: Open
A38: 37 | B38: tgd/sra/1621955 | C38: Approved | D38: 46036 | E38: 46036 | F38: New | G38: NA | H38: NA | I38: Anjali Swamy | J38: Shalini Singh | K38: WL1 | L38: G3 | M38: Mumbai | N38: CG Power | O38: Non IT | P38: Senior Recruitment Associate | Q38: Open
A39: 38 | B39: tgd/sra/1621962 | C39: Approved | D39: 46036 | E39: 46036 | F39: New | G39: NA | H39: NA | I39: Anjali Swamy | J39: Shalini Singh | K39: WL1 | L39: G3 | M39: Gurgaon | N39: CG Power | O39: Non IT | P39: Senior Recruitment Associate | Q39: YTJ | R39: KM Madhu | S39: 46060 | T39: 46076
A40: 39 | B40: tgd/sra/1621966 | C40: Approved | D40: 46036 | E40: 46036 | F40: New | G40: NA | H40: NA | I40: Anjali Swamy | J40: Shalini Singh | K40: WL1 | L40: G3 | M40: Gurgaon | N40: CG Power | O40: Non IT | P40: Senior Recruitment Associate | Q40: YTJ | R40: Tanuja | S40: 46060 | T40: 46076
A41: 40 | B41: tgd/sra-o/1621970 | C41: Approved | D41: 46036 | E41: 46036 | F41: New | G41: NA | H41: NA | I41: Anjali Swamy | J41: Shalini Singh | K41: WL1 | L41: G3 | M41: Gurgaon | N41: CG Power | O41: Non IT | P41: Senior Recruitment Associate | Q41: Open
A42: 41 | B42: tgd/rsr/1622717 | C42: Approved | D42: 46037 | E42: 46037 | F42: New | G42: NA | H42: NA | I42: Anjali Swamy | J42: Ayushi sharma | K42: WL1 | L42: G4 | M42: Bhopal | N42: CG Power | O42: Non IT | P42: Recruitment Specialist | Q42: YTJ | R42: Meenakshi Shrivastava | S42: 46058 | T42: 46076
A43: 42 | B43: tgd/rsr/1622718 | C43: Approved | D43: 46037 | E43: 46037 | F43: New | G43: NA | H43: NA | I43: Anjali Swamy | J43: Shalini Singh | K43: WL1 | L43: G4 | M43: Bhopal | N43: CG Power | O43: Non IT | P43: Recruitment Specialist | Q43: Open
A44: 43 | B44: tgd/rsr/1622721 | C44: Approved | D44: 46037 | E44: 46037 | F44: New | G44: NA | H44: NA | I44: Anjali Swamy | J44: Shalini Singh | K44: WL1 | L44: G4 | M44: Ahmednagar | N44: CG Power | O44: Non IT | P44: Recruitment Specialist | Q44: Open
A45: 44 | B45: tgd/rsr/1622722 | C45: Approved | D45: 46037 | E45: 46037 | F45: New | G45: NA | H45: NA | I45: Anjali Swamy | J45: Shalini Singh | K45: WL1 | L45: G4 | M45: Ahmednagar | N45: CG Power | O45: Non IT | P45: Recruitment Specialist | Q45: Open
A46: 45 | B46: tgd/rsr/1622723 | C46: Approved | D46: 46037 | E46: 46037 | F46: New | G46: NA | H46: NA | I46: Anjali Swamy | J46: Ayushi sharma | K46: WL1 | L46: G4 | M46: Mumbai | N46: CG Power | O46: Non IT | P46: Recruitment Specialist | Q46: YTJ | R46: Juhi Jitendra Patil | S46: 46059 | T46: 46076
A47: 46 | B47: tgd/rsr/1622724 | C47: Approved | D47: 46037 | E47: 46037 | F47: New | G47: NA | H47: NA | I47: Anjali Swamy | J47: Ankit Srivastava | K47: WL1 | L47: G4 | M47: Mumbai | N47: CG Power | O47: Non IT | P47: Recruitment Specialist | Q47: YTJ | R47: Purvisha Ramesh Gohil | S47: 46064 | T47: 46076
A48: 47 | B48: tgd/rsr/1622725 | C48: Approved | D48: 46037 | E48: 46037 | F48: New | G48: NA | H48: NA | I48: Anjali Swamy | J48: Shalini Singh | K48: WL1 | L48: G4 | M48: Gurgaon | N48: CG Power | O48: Non IT | P48: Recruitment Specialist | Q48: Open
A49: 48 | B49: NA | C49: Not Created | D49: NA | E49: NA | F49: New | G49: NA | H49: NA | I49: Suvarna Samir Rane | J49: Arzoo Verma | K49: WL1 | L49: G3 | M49: Mumbai | N49: Pidilite | O49: Non IT | P49: Senior Recruitment Associate | Q49: TBO | R49: Komal Gupta | T49: 46076
A50: 49 | B50: NA | C50: Not Created | D50: NA | E50: NA | F50: New | G50: NA | H50: NA | I50: Shweta Shalini | J50: Arzoo Verma | K50: WL1 | L50: G3 | M50: Pune | N50: Hyundai Motor | O50: Non IT | P50: Senior Recruitment Associate | Q50: Open
A51: 50 | B51: tgd/ra/1624405 | C51: Approved | D51: 46039 | E51: 46041 | F51: New | G51: NA | H51: NA | I51: Geetu Lalwani | J51: Arzoo Verma | K51: WL1 | L51: G2 | M51: Mumbai | N51: Tata Consumer | O51: Non IT | P51: Senior Recruitment Associate | Q51: Open
A52: 51 | B52: TGD/SRA/1620143 | C52: Approved | D52: 46034 | E52: 46037 | F52: New | G52: NA | H52: NA | I52: Anjali Swamy | J52: Shalini Singh | K52: WL1 | L52: G3 | M52: Gurgaon | N52: Met Glass | O52: Non IT | P52: Senior Recruitment Associate | Q52: Open
A53: 52 | B53: TGD/R/1673472 | C53: Approved | D53: 46063 | E53: 46064 | F53: Replacement | G53: Priyanka Hanuman Tupere | H53: 11377 | I53: Kruti Patel | J53: Ankit Srivastava | K53: WL1 | L53: G3 | M53: Mumbai | N53: Saint Gobain | O53: Non IT | P53: Senior Recruitment Associate | Q53: YTJ | R53: Rishika Waje | S53: 46065 | T53: 46083 | U53: Exited

Sheet HC & Open Position
C1: Headcount as on 21st Oct as per HRMS
B3: Project Code | C3: P&L Project Name | D3: Projects | E3: WL1 | F3: WL2 | G3: WL3 | H3: WL4 | I3: WL5 | J3: Grand Total | L3: WL1 | M3: WL2 | N3: WL3 | O3: WL4 | P3: Total
B4: CNO0000147 | C4: Ambuja | D4: Ambuja Cement | E4: 22 | F4: 1 | G4: 0 | H4: 0 | J4: =SUM(E4:I4) -> 23 | L4: 1 | P4: =SUM(L4:O4) -> 1
B5: CNO0000162 | C5: Bridgestone | D5: Bridgestone | E5: 2 | F5: 1 | G5: 0 | H5: 0 | J5: =SUM(E5:I5) -> 3 | P5: =SUM(L5:O5) -> 0
B6: CNO0000006 | C6: Ametek | D6: Ametek | E6: 0 | F6: 1 | G6: 0 | H6: 0 | J6: =SUM(E6:I6) -> 1 | P6: =SUM(L6:O6) -> 0
B7: CNO0000008 | C7: AMNS | D7: AMNS | E7: 33 | F7: 5 | G7: 1 | H7: 0 | J7: =SUM(E7:I7) -> 39 | L7: 3 | P7: =SUM(L7:O7) -> 3
B8: CNO0000148 | C8: Ashok Leyland | D8: ASHOK LEYLAND LIMITED | E8: 10 | F8: 4 | G8: 0 | H8: 0 | J8: =SUM(E8:I8) -> 14 | P8: =SUM(L8:O8) -> 0
B9: CNO0000144 | C9: Atomberg | D9: Atomberg Technologies | E9: 4 | F9: 1 | G9: 0 | H9: 0 | J9: =SUM(E9:I9) -> 5 | P9: =SUM(L9:O9) -> 0
B10: CNO0000020 | C10: Birla Paints | D10: Birla Paints | E10: 10 | F10: 1 | G10: 0 | H10: 0 | J10: =SUM(E10:I10) -> 11 | L10: 2 | P10: =SUM(L10:O10) -> 2
B11: CNO0000011 | C11: BITS | D11: BITS | E11: 2 | F11: 1 | G11: 0 | H11: 0 | J11: =SUM(E11:I11) -> 3 | P11: =SUM(L11:O11) -> 0
B12: CNO0000014 | C12: Robert Bosch | D12: Bosch | E12: 0 | F12: 0 | G12: 0 | H12: 0 | J12: =SUM(E12:I12) -> 0 | P12: =SUM(L12:O12) -> 0
C13: Digitization | D13: Digitization | E13: 2 | F13: 1 | G13: 0 | H13: 1 | J13: =SUM(E13:I13) -> 4 | P13: =SUM(L13:O13) -> 0
B14: CNO0000032 | C14: DP World | D14: DP World | E14: 4 | F14: 1 | G14: 0 | H14: 0 | J14: =SUM(E14:I14) -> 5 | P14: =SUM(L14:O14) -> 0
B15: CNO0000125 | C15: DRL | D15: Dr Reddy | E15: 0 | F15: 0 | G15: 0 | H15: 0 | J15: =SUM(E15:I15) -> 0 | P15: =SUM(L15:O15) -> 0
B16: CNO0000102 | C16: Excelacom | D16: Excelacom | E16: 0 | F16: 0 | G16: 0 | H16: 0 | J16: =SUM(E16:I16) -> 0 | P16: =SUM(L16:O16) -> 0
B17: CNO0000033 | C17: Honeywell | D17: Honeywell | E17: 37 | F17: 22 | G17: 1 | H17: 0 | J17: =SUM(E17:I17) -> 60 | P17: =SUM(L17:O17) -> 0
B18: CNO0000028 | C18: HP | D18: HPE | E18: 33 | F18: 13 | G18: 2 | H18: 0 | J18: =SUM(E18:I18) -> 48 | P18: =SUM(L18:O18) -> 0
B19: CNO0000100 | C19: Hyundai | D19: Hyundai Motor | E19: 7 | F19: 0 | G19: 1 | H19: 0 | J19: =SUM(E19:I19) -> 8 | L19: 1 | M19: 1 | P19: =SUM(L19:O19) -> 2
B20: CNO0000135 | C20: IBM | D20: IBM | E20: 0 | F20: 0 | G20: 0 | H20: 0 | J20: =SUM(E20:I20) -> 0 | P20: =SUM(L20:O20) -> 0
B21: CNO0000041 | C21: Ingram Micro | D21: Ingram Micro | E21: 1 | F21: 0 | G21: 0 | H21: 0 | J21: =SUM(E21:I21) -> 1 | P21: =SUM(L21:O21) -> 0
B22: CNO0000077 | C22: Isuzu | D22: Isuzu | E22: 2 | F22: 1 | G22: 0 | H22: 0 | J22: =SUM(E22:I22) -> 3 | P22: =SUM(L22:O22) -> 0
B23: CNO0000104 | C23: Jindal Stainless | D23: Jindal Stainless | E23: 4 | F23: 2 | G23: 0 | H23: 0 | J23: =SUM(E23:I23) -> 6 | P23: =SUM(L23:O23) -> 0
B24: CNO0000089 | C24: M&M | D24: M&M | E24: 65 | F24: 16 | G24: 1 | H24: 0 | J24: =SUM(E24:I24) -> 82 | L24: 4 | M24: 1 | N24: 1 | P24: =SUM(L24:O24) -> 6
B25: CNO0000170 | C25: M2P | D25: M2P Fintech | E25: 1 | F25: 0 | G25: 0 | H25: 0 | J25: =SUM(E25:I25) -> 1 | P25: =SUM(L25:O25) -> 0
B26: CNO0000132 | C26: Mahindra Finance | D26: Mahindra Finance | E26: 0 | F26: 0 | G26: 1 | H26: 0 | J26: =SUM(E26:I26) -> 1 | P26: =SUM(L26:O26) -> 0
B27: CNO0000046 | C27: Mahindra Holiday & Resort | D27: Mahindra Holidays | E27: 6 | F27: 1 | G27: 0 | H27: 0 | J27: =SUM(E27:I27) -> 7 | P27: =SUM(L27:O27) -> 0
B28: CNO0000099 | C28: Maruti | D28: Maruti Suzuki(MSIL) | E28: 33 | F28: 5 | G28: 2 | H28: 0 | J28: =SUM(E28:I28) -> 40 | P28: =SUM(L28:O28) -> 0
C29: Optum | D29: Optum | E29: 17 | F29: 4 | G29: 1 | H29: 1 | J29: =SUM(E29:I29) -> 23 | P29: =SUM(L29:O29) -> 0
B30: CNO0000126 | C30: P&G | D30: Metglass | E30: 1 | F30: 0 | G30: 0 | H30: 0 | J30: =SUM(E30:I30) -> 1 | L30: 1 | P30: =SUM(L30:O30) -> 1
B31: CNO0000127 | C31: Pfizer | D31: Pfizer | E31: 4 | F31: 1 | G31: 0 | H31: 0 | J31: =SUM(E31:I31) -> 5 | M31: 1 | P31: =SUM(L31:O31) -> 1
B32: CNO0000093 | C32: Pidilite | D32: Pidilite | E32: 9 | F32: 0 | G32: 1 | H32: 0 | J32: =SUM(E32:I32) -> 10 | L32: 3 | P32: =SUM(L32:O32) -> 3
B33: CNO0000109 | C33: Enfield | D33: Royal Enfield | E33: 15 | F33: 1 | G33: 0 | H33: 0 | J33: =SUM(E33:I33) -> 16 | L33: 1 | M33: 1 | P33: =SUM(L33:O33) -> 2
B34: CNO0000122 | C34: SBI | D34: SBI Cards | E34: 12 | F34: 2 | G34: 0 | H34: 0 | J34: =SUM(E34:I34) -> 14 | P34: =SUM(L34:O34) -> 0
B35: CNO0000107 | C35: Schaeffler | D35: Schaeffler | E35: 4 | F35: 1 | G35: 0 | H35: 0 | J35: =SUM(E35:I35) -> 5 | M35: 1 | P35: =SUM(L35:O35) -> 1
B36: CNO0000065 | C36: Siemens | D36: Siemens | E36: 12 | F36: 2 | G36: 0 | H36: 0 | J36: =SUM(E36:I36) -> 14 | P36: =SUM(L36:O36) -> 0
B37: CNO0000067 | C37: SKF | D37: SKF India | E37: 11 | F37: 4 | G37: 1 | H37: 0 | J37: =SUM(E37:I37) -> 16 | P37: =SUM(L37:O37) -> 0
B38: CNO0000163 | C38: Sterling | D38: Sterling Tools | E38: 3 | F38: 1 | G38: 0 | H38: 0 | J38: =SUM(E38:I38) -> 4 | P38: =SUM(L38:O38) -> 0
B39: CNO0000146 | C39: Subros | D39: Subros Ltd | E39: 3 | F39: 0 | G39: 0 | H39: 0 | J39: =SUM(E39:I39) -> 3 | P39: =SUM(L39:O39) -> 0
C40: Suzuki | D40: Suzuki R&D | E40: 1 | F40: 0 | G40: 0 | H40: 0 | J40: =SUM(E40:I40) -> 1 | P40: =SUM(L40:O40) -> 0
B41: CNO0000123 | C41: Tata Consumer | D41: Tata Consumer | E41: 13 | F41: 1 | G41: 0 | H41: 0 | J41: =SUM(E41:I41) -> 14 | L41: 1 | P41: =SUM(L41:O41) -> 1
B42: CNO0000069 | C42: Tata Electronics | D42: Tata Electronics | E42: 2 | F42: 1 | G42: 1 | H42: 0 | J42: =SUM(E42:I42) -> 4 | P42: =SUM(L42:O42) -> 0
B43: CNO0000097 | C43: TML | D43: Neosoft | E43: 5 | F43: 1 | G43: 0 | H43: 0 | J43: =SUM(E43:I43) -> 6 | L43: 2 | M43: 1 | P43: =SUM(L43:O43) -> 3
B44: CNO0000129 | C44: Tata Play | D44: Tata Play | E44: 1 | F44: 0 | G44: 0 | H44: 0 | J44: =SUM(E44:I44) -> 1 | P44: =SUM(L44:O44) -> 0
B45: CNO0000119 | C45: Leap India | D45: Leap | E45: 5 | F45: 1 | G45: 0 | H45: 0 | J45: =SUM(E45:I45) -> 6 | M45: 1 | P45: =SUM(L45:O45) -> 1
B46: CNO0000071 | C46: ThyssenKrupp | D46: CG Power | E46: 3 | F46: 0 | G46: 0 | H46: 0 | J46: =SUM(E46:I46) -> 3 | L46: 19 | M46: 2 | P46: =SUM(L46:O46) -> 21
C47: Middle East | D47: Middle East | E47: 1 | F47: 0 | G47: 0 | H47: 0 | J47: =SUM(E47:I47) -> 1 | P47: =SUM(L47:O47) -> 0
C48: Siemens Healthineers | D48: Siemens Healthineers | E48: 4 | F48: 2 | G48: 0 | H48: 0 | J48: =SUM(E48:I48) -> 6 | P48: =SUM(L48:O48) -> 0
C49: ABB | D49: ABB | E49: 3 | F49: 1 | G49: 0 | H49: 0 | J49: =SUM(E49:I49) -> 4 | P49: =SUM(L49:O49) -> 0
B50: CNO0000106 | C50: Vertiv | D50: Vertiv | E50: 2 | F50: 1 | G50: 0 | H50: 0 | J50: =SUM(E50:I50) -> 3 | P50: =SUM(L50:O50) -> 0
C51: Pernod Ricard | D51: Pernod Ricard | E51: 4 | F51: 2 | G51: 0 | H51: 0 | J51: =SUM(E51:I51) -> 6 | P51: =SUM(L51:O51) -> 0
B52: CNO0000103 | C52: Unicharm | D52: Unicharm | E52: 3 | F52: 0 | G52: 0 | H52: 0 | J52: =SUM(E52:I52) -> 3 | P52: =SUM(L52:O52) -> 0
B53: CNO0000079 | C53: Wipro | D53: Wipro | E53: 14 | F53: 1 | G53: 1 | H53: 0 | J53: =SUM(E53:I53) -> 16 | P53: =SUM(L53:O53) -> 0
D54: Taggd Exclusive | E54: 3 | F54: 0 | G54: 0 | H54: 0 | J54: =SUM(E54:I54) -> 3 | P54: =SUM(L54:O54) -> 0
D55: Saint Gobain | E55: 10 | F55: 3 | G55: 0 | H55: 0 | J55: =SUM(E55:I55) -> 13 | L55: 1 | N55: 1 | P55: =SUM(L55:O55) -> 2
D56: Grand Total | E56: =SUM(E4:E55) -> 443 | F56: =SUM(F4:F55) -> 107 | G56: =SUM(G4:G55) -> 14 | H56: =SUM(H4:H55) -> 2 | I56: =SUM(I4:I55) -> 0 | J56: =SUM(J4:J55) -> 566 | L56: =SUM(L4:L55) -> 39 | M56: =SUM(M4:M55) -> 9 | N56: =SUM(N4:N55) -> 2 | O56: =SUM(O4:O55) -> 0 | P56: =SUM(P4:P55) -> 50
D58: Allocable | E58: 4 | F58: 2 | G58: 1 | H58: 2 | I58: 0 | J58: =SUM(E58:I58) -> 9 | N58: 2
D60: Lateral Ops + Platform | E60: =E56+E58 -> 447 | F60: =F56+F58 -> 109 | G60: =G56+G58 -> 15 | H60: =H56+H58 -> 4 | I60: =I56+I58 -> 0 | J60: =J56+J58 -> 575 | L60: =L56+L58 -> 39 | M60: =M56 -> 9 | N60: =N56+N58 -> 4 | O60: =O56 -> 0 | P60: =SUM(L60:O60) -> 52
D62: Platform | E62: =E13+E29 -> 19 | F62: =F13+F29 -> 5 | G62: =G13+G29 -> 1 | H62: =H13+H29 -> 2 | I62: 0 | J62: =J13+J29 -> 27 | L62: =L29 -> 0 | M62: =M29 -> 0 | N62: =N29 -> 0 | O62: =O29 -> 0 | P62: =P29 -> 0
D65: Ops(Laterl + Leadership) including ME Headcount(1) | E65: =E56+E58-E62 -> 428 | F65: =F56+F58-F62 -> 104 | G65: =G56+G58-G62 -> 14 | H65: =H56+H58-H62 -> 2 | I65: =I56+I58-I62 -> 0 | J65: =J56+J58-J62 -> 548 | L65: =L60-L62 -> 39 | M65: =M60-M62 -> 9 | N65: =N60-N62 -> 4 | O65: =O60-O62 -> 0 | P65: =P60-P62 -> 52

Sheet CPH
A1: Project (EDB) | B1: Project | C1: Practice Head | D1: Region | E1: CPH
A2: BITS | B2: BITS | C2: Krishna | D2: Chennai | E2: 27000
A3: Excelacom | B3: Excelacom | C3: Krishna | D3: Chennai | E3: 57300
A4: P&G | B4: P&G | C4: Krishna | D4: Chennai | E4: 176000
A5: Royal Enfield | B5: Enfield | C5: Krishna | D5: Chennai | E5: 69700
A6: Tata Consumer | B6: Tata Consumer | C6: Elton | D6: Chennai | E6: 58700
A7: Tata Electronics | B7: Tata Electronics | C7: Krishna | D7: Chennai | E7: 33320
A8: Dr Reddy | B8: DRL | C8: Ashish | D8: FOS & IT | E8: 19000
A9: Ingram Micro | B9: Ingram Micro | C9: Ashish | D9: FOS & IT | E9: 45000
A10: Nomiso | B10: Nomiso | C10: Ashish | D10: FOS & IT | E10: 60000
A11: SBI Cards | B11: SBI | C11: Ashish | D11: FOS & IT | E11: 23000
A12: IBM | B12: IBM | C12: Ashish | D12: FOS & IT | E12: 68000
A13: Wipro | B13: Wipro | C13: Ashish | D13: FOS & IT | E13: 45000
... A19: Schaeffler | B19: Schaeffler | C19: Shweta | D19: Pune | E19: 60000
A20: Tata Marcopolo | C20: Shweta | D20: Pune | E20: 50000
A21: Tata Motors | B21: TML | C21: Shweta | D21: Pune | E21: 51800
A22: Thyssenkrupp | B22: ThyssenKrupp | C22: Shweta | D22: Pune | E22: 54000
A23: Ultratech | C23: Shweta | D23: Pune | E23: 25000
A24: Vertiv | B24: Vertiv | C24: Shweta | D24: Pune | E24: 60000
A25: Ametek | B25: Ametek | C25: Ashok | D25: South | E25: 70000
A26: DP World | B26: DP World | C26: Elton | D26: South | E26: 70000
A27: Honeywell | B27: Honeywell | C27: Ashok | D27: South | E27: 43500
A28: HPE | B28: HP | C28: Ashok | D28: South | E28: 54000
A29: Isuzu | B29: Isuzu | C29: Ashok | D29: South | E29: 69000
A30: Bosch | B30: Robert Bosch | C30: Ashok | D30: South | E30: 55000
A31: Siemens | B31: Siemens | C31: Ashok | D31: South | E31: 32000
A32: Tata Play | B32: Tata Play | C32: Elton | D32: South | E32: 56000
A33: Titan | B33: Titan | C33: Ashok | D33: South | E33: 41000
A34: AMNS | B34: AMNS | C34: Elton | D34: West | E34: 33000
A35: Birla Paints | B35: Birla Paints | C35: Elton | D35: West | E35: 26600
A36: Fedex | C36: Elton | D36: West | E36: 50000
A37: M&M | B37: M&M | C37: Elton | D37: West | E37: 65000
A38: Mahindra Finance | B38: Mahindra Finance | C38: Elton | D38: West | E38: 62000
A39: Mahindra Holidays | B39: Mahindra Holiday & Resort | C39: Elton | D39: West | E39: 22000
A40: Pfizer | B40: Pfizer | C40: Elton | D40: West | E40: 74000
A41: Pidilite | B41: Pidilite | C41: Elton | D41: West | E41: 21000
A42: Tata Power | C42: Elton | D42: West | E42: 21400
A43: Tata Teleservices | B43: Tata Teleservices | C43: Krishna | D43: West | E43: 54000
A44: Atomberg Technologies | B44: Atomberg | C44: Elton | D44: West | E44: =20400+21200 -> 41600
A45: Ambuja Cement | B45: Ambuja | C45: Elton | D45: West | E45: 32000
A46: WTW | C46: Elton | D46: West | E46: 60000
A47: ASHOK LEYLAND LIMITED | C47: krishna | E47: 97346
A48: Brigdestone | C48: - | D48: - | E48: -
A49: M2P Fintech | E49: 60000
A50: Sterling Tools | B50: Sterling Tools | C50: - | D50: - | E50: 83000
A51: Suzuki R&D | B51: Suzuki R&D | C51: Naved | D51: North | E51: 60000

Sheet Projected HC - FY26
J1: FY26 | K1: Lateral Revenue | Q1: Lateral HC | W1: Lateral Productivity | AC1: Ideal HC as per Productivity | AI1: Current HC as per HRMS | AP1: Open Positions
K2: =SUM(K4:K63) -> 2530.625 | L2: =SUM(L4:L63) -> 2731.285 | M2: =SUM(M4:M63) -> 2329.965 | N2: =SUM(N4:N63) -> 2530.625 | O2: =SUM(O4:O63) -> 10122.5 | Q2: =SUM(Q4:Q63) -> 589.04724 | R2: =SUM(R4:R63) -> 590.75391 | S2: =SUM(S4:S63) -> 592.60391 | T2: =SUM(T4:T63) -> 592.60391 | U2: =SUM(U4:U63) -> 591.64833 | W2: =IFERROR((K2/Q2/0.835/3)*1.3,"") -> 2.2295298 | X2: =IFERROR((L2/R2/0.835/3)*1.3,"") -> 2.3993634 | Y2: =IFERROR((M2/S2/0.835/3)*1.3,"") -> 2.0404244 | Z2: =IFERROR((N2/T2/0.835/3)*1.3,"") -> 2.2161487 | AA2: =IFERROR((O2/U2/0.835/3/4)*1.3,"") -> 2.2197281 | AC2: =SUM(AC4:AC64) -> 363.75104 | AD2: =SUM(AD4:AD64) -> 48.093881 | AE2: =SUM(AE4:AE64) -> 6.0117351 | AF2: =SUM(AF4:AF64) -> 4.8789117 | AG2: =SUM(AG4:AG64) -> 422.73557 | AI2: =SUM(AI4:AI64) -> 389 | AJ2: =SUM(AJ4:AJ64) -> 97 | AK2: =SUM(AK4:AK64) -> 14 | AL2: =SUM(AL4:AL64) -> 3 | AM2: =SUM(AM4:AM64) -> 503 | AN2: =SUM(AN4:AN64) -> -80.264428 | AP2: =SUM(AP4:AP64) -> 16 | AQ2: =SUM(AQ4:AQ64) -> 5 | AR2: =SUM(AR4:AR64) -> 1 | AS2: =SUM(AS4:AS64) -> 0 | AT2: =SUM(AT4:AT64) -> 22 | AU2: =AG2-(AM2+AT2) -> -102.26443
A3: Project Code | B3: Project | C3: Project as per EDB | D3: Industry | E3: Signup Date | F3: Expiry Date | G3: FH | H3: PH | I3: Region | J3: RPH/CPH | K3: Q1 | L3: Q2 | M3: Q3 | N3: Q4 | O3: YTD'26 | Q3: Q1 | R3: Q2 | S3: Q3 | T3: Q4 | U3: YTD'26 | W3: Q1 | X3: Q2 | Y3: Q3 | Z3: Q4 | AA3: YTD | AC3: WL1 | AD3: WL2 | AE3: WL3 | AF3: WL4 | AG3: Total HC | AI3: WL1 | AJ3: WL2 | AK3: WL3 | AL3: WL4 | AM3: Overall HC | AN3: Variance | AP3: Open Positions - WL1 | AQ3: Open Positions - WL2 | AR3: Open Positions - WL3 | AS3: Open Positions - WL4 | AT3: Total Open Positions | AU3: HC Variance After Hiring
A4: CNO0000033 | B4: Honeywell | C4: Honeywell | D4: Engineering | E4: 42097 | F4: 46112 | G4: Sulabh | H4: Bapi | I4: South | J4: =IFERROR(VLOOKUP(C4,CPH!$A:$E,5,0),"") -> 43500 | K4: 456.75 | L4: 493.29 | M4: 420.21 | N4: 456.75 | O4: 1827 | Q4: 72 | R4: 72 | S4: 72 | T4: 72 | U4: 72 | W4: =IFERROR((K4/Q4/0.835/3)*1.3,"") -> 3.2921657 | X4: =IFERROR((L4/R4/0.835/3)*1.3,"") -> 3.5555389 | Y4: =IFERROR((M4/S4/0.835/3)*1.3,"") -> 3.0287924 | Z4: =IFERROR((N4/T4/0.835/3)*1.3,"") -> 3.2921657 | AA4: =IFERROR((O4/U4/0.835/3/4)*1.3,"") -> 3.2921657 | AC4: =IFERROR(O4/(AA4*3*4),"") -> 46.246154 | AD4: =IFERROR(AC4/8,"") -> 5.7807692 | AE4: =IFERROR(AD4/8,"") -> 0.72259615 | AF4: =IFERROR(AE4/3,"") -> 0.24086538 | AG4: =SUM(AC4:AF4) -> 52.990385 | AI4: =IFERROR(VLOOKUP($C4,'HC & Open Position'!$D:$J,MATCH(AI$3,'HC & Open Position'!$D$3:$J$3,1),0),"") -> 37 | AJ4: =IFERROR(VLOOKUP($C4,'HC & Open Position'!$D:$J,MATCH(AJ$3,'HC & Open Position'!$D$3:$J$3,1),0),"") -> 22 | AK4: =IFERROR(VLOOKUP($C4,'HC & Open Position'!$D:$J,MATCH(AK$3,'HC & Open Position'!$D$3:$J$3,1),0),"") -> 1 | AL4: =IFERROR(VLOOKUP($C4,'HC & Open Position'!$D:$J,MATCH(AL$3,'HC & Open Position'!$D$3:$J$3,1),0),"") -> 0 | AM4: =SUM(AI4:AL4) -> 60 | AN4: =AG4-AM4 -> -7.0096154 | AP4: =IFERROR(VLOOKUP($C4,'HC & Open Position'!$D$3:$P$53,9,0),"") -> 0 | AQ4: =IFERROR(VLOOKUP($C4,'HC & Open Position'!$D$3:$P$53,10,0),"") -> 0 | AR4: =IFERROR(VLOOKUP($C4,'HC & Open Position'!$D$3:$P$53,11,0),"") -> 0 | AS4: =IFERROR(VLOOKUP($C4,'HC & Open Position'!$D$3:$P$53,12,0),"") -> 0 | AT4: =SUM(AP4:AS4) -> 0 | AU4: =AG4-(AM4+AT4) -> -7.0096154
A5: CNO0000127 | B5: Pfizer | C5: Pfizer | D5: Pharma | E5: 43286 | F5: 45504 | G5: Anjli | H5: Usha | I5: West | J5: =IFERROR(VLOOKUP(C5,CPH!$A:$E,5,0),"") -> 74000 | K5: 33.75 | L5: 36.45 | M5: 31.05 | N5: 33.75 | O5: 135 | Q5: 6 | R5: 6 | S5: 6 | T5: 6 | U5: 6 | W5: =IFERROR((K5/Q5/0.835/3)*1.3,"") -> 2.9191617 | X5: =IFERROR((L5/R5/0.835/3)*1.3,"") -> 3.1526946 | Y5: =IFERROR((M5/S5/0.835/3)*1.3,"") -> 2.6856287 | Z5: =IFERROR((N5/T5/0.835/3)*1.3,"") -> 2.9191617 | AA5: =IFERROR((O5/U5/0.835/3/4)*1.3,"") -> 2.9191617 | AC5: =IFERROR(O5/(AA5*3*4),"") -> 3.8538462 | AD5: =IFERROR(AC5/8,"") -> 0.48173077 | AE5: =IFERROR(AD5/8,"") -> 0.060216346 | AF5: =IFERROR(AE5/3,"") -> 0.020072115 | AG5: =SUM(AC5:AF5) -> 4.4158654 | AI5: =IFERROR(VLOOKUP($C5,'HC & Open Position'!$D:$J,MATCH(AI$3,'HC & Open Position'!$D$3:$J$3,1),0),"") -> 4 | AJ5: =IFERROR(VLOOKUP($C5,'HC & Open Position'!$D:$J,MATCH(AJ$3,'HC & Open Position'!$D$3:$J$3,1),0),"") -> 1 | AK5: =IFERROR(VLOOKUP($C5,'HC & Open Position'!$D:$J,MATCH(AK$3,'HC & Open Position'!$D$3:$J$3,1),0),"") -> 0 | AL5: =IFERROR(VLOOKUP($C5,'HC & Open Position'!$D:$J,MATCH(AL$3,'HC & Open Position'!$D$3:$J$3,1),0),"") -> 0 | AM5: =SUM(AI5:AL5) -> 5 | AN5: =AG5-AM5 -> -0.58413462 | AP5: =IFERROR(VLOOKUP($C5,'HC & Open Position'!$D$3:$P$53,9,0),"") -> 0 | AQ5: =IFERROR(VLOOKUP($C5,'HC & Open Position'!$D$3:$P$53,10,0),"") -> 1 | AR5: =IFERROR(VLOOKUP($C5,'HC & Open Position'!$D$3:$P$53,11,0),"") -> 0 | AS5: =IFERROR(VLOOKUP($C5,'HC & Open Position'!$D$3:$P$53,12,0),"") -> 0 | AT5: =SUM(AP5:AS5) -> 1 | AU5: =AG5-(AM5+AT5) -> -1.5841346
A6: CNO0000097 | B6: TML | C6: Tata Motors | D6: Auto | E6: 42280 | F6: 46295 | G6: Anjli | H6: Shweta | I6: West | J6: =IFERROR(VLOOKUP(C6,CPH!$A:$E,5,0),"") -> 51800 | K6: 0 | L6: 0 | M6: 0 | N6: 0 | O6: 0 | Q6: 0 | R6: 0 | S6: 0 | T6: 0 | U6: 0 | W6: =IFERROR((K6/Q6/0.835/3)*1.3,"") | X6: =IFERROR((L6/R6/0.835/3)*1.3,"") | Y6: =IFERROR((M6/S6/0.835/3)*1.3,"") | Z6: =IFERROR((N6/T6/0.835/3)*1.3,"") | AA6: =IFERROR((O6/U6/0.835/3/4)*1.3,"") | AC6: =IFERROR(O6/(AA6*3*4),"") | AD6: =IFERROR(AC6/8,"") | AE6: =IFERROR(AD6/8,"") | AF6: =IFERROR(AE6/3,"") | AG6: =SUM(AC6:AF6) -> 0 | AI6: =IFERROR(VLOOKUP($C6,'HC & Open Position'!$D:$J,MATCH(AI$3,'HC & Open Position'!$D$3:$J$3,1),0),"") | AJ6: =IFERROR(VLOOKUP($C6,'HC & Open Position'!$D:$J,MATCH(AJ$3,'HC & Open Position'!$D$3:$J$3,1),0),"") | AK6: =IFERROR(VLOOKUP($C6,'HC & Open Position'!$D:$J,MATCH(AK$3,'HC & Open Position'!$D$3:$J$3,1),0),"") | AL6: =IFERROR(VLOOKUP($C6,'HC & Open Position'!$D:$J,MATCH(AL$3,'HC & Open Position'!$D$3:$J$3,1),0),"") | AM6: =SUM(AI6:AL6) -> 0 | AN6: =AG6-AM6 -> 0 | AP6: =IFERROR(VLOOKUP($C6,'HC & Open Position'!$D$3:$P$53,9,0),"") | AQ6: =IFERROR(VLOOKUP($C6,'HC & Open Position'!$D$3:$P$53,10,0),"") | AR6: =IFERROR(VLOOKUP($C6,'HC & Open Position'!$D$3:$P$53,11,0),"") | AS6: =IFERROR(VLOOKUP($C6,'HC & Open Position'!$D$3:$P$53,12,0),"") | AT6: =SUM(AP6:AS6) -> 0 | AU6: =AG6-(AM6+AT6) -> 0
A7: CNO0000096 | B7: Tata Power | C7: Tata Power | D7: Manufacturing | E7: 44181 | F7: 47834 | G7: Anjli | H7: Elton | I7: West | J7: =IFERROR(VLOOKUP(C7,CPH!$A:$E,5,0),"") -> 21400 | K7: 0 | L7: 0 | M7: 0 | N7: 0 | O7: 0 | Q7: 0 | R7: 0 | S7: 0 | T7: 0 | U7: 0 | W7: =IFERROR((K7/Q7/0.835/3)*1.3,"") | X7: =IFERROR((L7/R7/0.835/3)*1.3,"") | Y7: =IFERROR((M7/S7/0.835/3)*1.3,"") | Z7: =IFERROR((N7/T7/0.835/3)*1.3,"") | AA7: =IFERROR((O7/U7/0.835/3/4)*1.3,"") | AC7: =IFERROR(O7/(AA7*3*4),"") | AD7: =IFERROR(AC7/8,"") | AE7: =IFERROR(AD7/8,"") | AF7: =IFERROR(AE7/3,"") | AG7: =SUM(AC7:AF7) -> 0 | AI7: =IFERROR(VLOOKUP($C7,'HC & Open Position'!$D:$J,MATCH(AI$3,'HC & Open Position'!$D$3:$J$3,1),0),"") | AJ7: =IFERROR(VLOOKUP($C7,'HC & Open Position'!$D:$J,MATCH(AJ$3,'HC & Open Position'!$D$3:$J$3,1),0),"") | AK7: =IFERROR(VLOOKUP($C7,'HC & Open Position'!$D:$J,MATCH(AK$3,'HC & Open Position'!$D$3:$J$3,1),0),"") | AL7: =IFERROR(VLOOKUP($C7,'HC & Open Position'!$D:$J,MATCH(AL$3,'HC & Open Position'!$D$3:$J$3,1),0),"") | AM7: =SUM(AI7:AL7) -> 0 | AN7: =AG7-AM7 -> 0 | AP7: =IFERROR(VLOOKUP($C7,'HC & Open Position'!$D$3:$P$53,9,0),"") | AQ7: =IFERROR(VLOOKUP($C7,'HC & Open Position'!$D$3:$P$53,10,0),"") | AR7: =IFERROR(VLOOKUP($C7,'HC & Open Position'!$D$3:$P$53,11,0),"") | AS7: =IFERROR(VLOOKUP($C7,'HC & Open Position'!$D$3:$P$53,12,0),"") | AT7: =SUM(AP7:AS7) -> 0 | AU7: =AG7-(AM7+AT7) -> 0
A8: CNO0000067 | B8: SKF | C8: SKF India | D8: Pharma | E8: 44866 | F8: 45322 | G8: Anjli | H8: Natasha | I8: North | J8: =IFERROR(VLOOKUP(C8,CPH!$A:$E,5,0),"") -> 83000 | K8: 49.75 | L8: 53.73 | M8: 45.77 | N8: 49.75 | O8: 199 | Q8: 15 | R8: 15 | S8: 15 | T8: 15 | U8: 15 | W8: =IFERROR((K8/Q8/0.835/3)*1.3,"") -> 1.7212242 | X8: =IFERROR((L8/R8/0.835/3)*1.3,"") -> 1.8589222 | Y8: =IFERROR((M8/S8/0.835/3)*1.3,"") -> 1.5835263 | Z8: =IFERROR((N8/T8/0.835/3)*1.3,"") -> 1.7212242 | AA8: =IFERROR((O8/U8/0.835/3/4)*1.3,"") -> 1.7212242 | AC8: =IFERROR(O8/(AA8*3*4),"") -> 9.6346154 | AD8: =IFERROR(AC8/8,"") -> 1.2043269 | AE8: =IFERROR(AD8/8,"") -> 0.15054087 | AF8: =IFERROR(AE8/3,"") -> 0.050180288 | AG8: =SUM(AC8:AF8) -> 11.039663 | AI8: =IFERROR(VLOOKUP($C8,'HC & Open Position'!$D:$J,MATCH(AI$3,'HC & Open Position'!$D$3:$J$3,1),0),"") -> 11 | AJ8: =IFERROR(VLOOKUP($C8,'HC & Open Position'!$D:$J,MATCH(AJ$3,'HC & Open Position'!$D$3:$J$3,1),0),"") -> 4 | AK8: =IFERROR(VLOOKUP($C8,'HC & Open Position'!$D:$J,MATCH(AK$3,'HC & Open Position'!$D$3:$J$3,1),0),"") -> 1 | AL8: =IFERROR(VLOOKUP($C8,'HC & Open Position'!$D:$J,MATCH(AL$3,'HC & Open Position'!$D$3:$J$3,1),0),"") -> 0 | AM8: =SUM(AI8:AL8) -> 16 | AN8: =AG8-AM8 -> -4.9603365 | AP8: =IFERROR(VLOOKUP($C8,'HC & Open Position'!$D$3:$P$53,9,0),"") -> 0 | AQ8: =IFERROR(VLOOKUP($C8,'HC & Open Position'!$D$3:$P$53,10,0),"") -> 0 | AR8: =IFERROR(VLOOKUP($C8,'HC & Open Position'!$D$3:$P$53,11,0),"") -> 0 | AS8: =IFERROR(VLOOKUP($C8,'HC & Open Position'!$D$3:$P$53,12,0),"") -> 0 | AT8: =SUM(AP8:AS8) -> 0 | AU8: =AG8-(AM8+AT8) -> -4.9603365
A9: CNO0000065 | B9: Siemens | C9: Siemens | D9: Engineering | E9: 44287 | F9: 45350 | G9: Sulabh | H9: Kunal | I9: South | J9: =IFERROR(VLOOKUP(C9,CPH!$A:$E,5,0),"") -> 32000 | K9: 68.75 | L9: 74.25 | M9: 63.25 | N9: 68.75 | O9: 275 | Q9: 14 | R9: 14 | S9: 14 | T9: 14 | U9: 14 | W9: =IFERROR((K9/Q9/0.835/3)*1.3,"") -> 2.5484745 | X9: =IFERROR((L9/R9/0.835/3)*1.3,"") -> 2.7523524 | Y9: =IFERROR((M9/S9/0.835/3)*1.3,"") -> 2.3445965 | Z9: =IFERROR((N9/T9/0.835/3)*1.3,"") -> 2.5484745 | AA9: =IFERROR((O9/U9/0.835/3/4)*1.3,"") -> 2.5484745 | AC9: =IFERROR(O9/(AA9*3*4),"") -> 8.9923077 | AD9: =IFERROR(AC9/8,"") -> 1.1240385 | AE9: =IFERROR(AD9/8,"") -> 0.14050481 | AF9: =IFERROR(AE9/3,"") -> 0.046834936 | AG9: =SUM(AC9:AF9) -> 10.303686 | AI9: =IFERROR(VLOOKUP($C9,'HC & Open Position'!$D:$J,MATCH(AI$3,'HC & Open Position'!$D$3:$J$3,1),0),"") -> 12 | AJ9: =IFERROR(VLOOKUP($C9,'HC & Open Position'!$D:$J,MATCH(AJ$3,'HC & Open Position'!$D$3:$J$3,1),0),"") -> 2 | AK9: =IFERROR(VLOOKUP($C9,'HC & Open Position'!$D:$J,MATCH(AK$3,'HC & Open Position'!$D$3:$J$3,1),0),"") -> 0 | AL9: =IFERROR(VLOOKUP($C9,'HC & Open Position'!$D:$J,MATCH(AL$3,'HC & Open Position'!$D$3:$J$3,1),0),"") -> 0 | AM9: =SUM(AI9:AL9) -> 14 | AN9: =AG9-AM9 -> -3.6963141 | AP9: =IFERROR(VLOOKUP($C9,'HC & Open Position'!$D$3:$P$53,9,0),"") -> 0 | AQ9: =IFERROR(VLOOKUP($C9,'HC & Open Position'!$D$3:$P$53,10,0),"") -> 0 | AR9: =IFERROR(VLOOKUP($C9,'HC & Open Position'!$D$3:$P$53,11,0),"") -> 0 | AS9: =IFERROR(VLOOKUP($C9,'HC & Open Position'!$D$3:$P$53,12,0),"") -> 0 | AT9: =SUM(AP9:AS9) -> 0 | AU9: =AG9-(AM9+AT9) -> -3.6963141
A10: CNO0000014 | B10: Robert Bosch | C10: Bosch | D10: Engineering | E10: 44348 | F10: 45444 | G10: NA | H10: NA | I10: South | J10: =IFERROR(VLOOKUP(C10,CPH!$A:$E,5,0),"") -> 55000 | K10: 0 | L10: 0 | M10: 0 | N10: 0 | O10: 0 | Q10: 0 | R10: 0 | S10: 0 | T10: 0 | U10: 0 | W10: =IFERROR((K10/Q10/0.835/3)*1.3,"") | X10: =IFERROR((L10/R10/0.835/3)*1.3,"") | Y10: =IFERROR((M10/S10/0.835/3)*1.3,"") | Z10: =IFERROR((N10/T10/0.835/3)*1.3,"") | AA10: =IFERROR((O10/U10/0.835/3/4)*1.3,"") | AC10: =IFERROR(O10/(AA10*3*4),"") | AD10: =IFERROR(AC10/8,"") | AE10: =IFERROR(AD10/8,"") | AF10: =IFERROR(AE10/3,"") | AG10: =SUM(AC10:AF10) -> 0 | AI10: =IFERROR(VLOOKUP($C10,'HC & Open Position'!$D:$J,MATCH(AI$3,'HC & Open Position'!$D$3:$J$3,1),0),"") -> 0 | AJ10: =IFERROR(VLOOKUP($C10,'HC & Open Position'!$D:$J,MATCH(AJ$3,'HC & Open Position'!$D$3:$J$3,1),0),"") -> 0 | AK10: =IFERROR(VLOOKUP($C10,'HC & Open Position'!$D:$J,MATCH(AK$3,'HC & Open Position'!$D$3:$J$3,1),0),"") -> 0 | AL10: =IFERROR(VLOOKUP($C10,'HC & Open Position'!$D:$J,MATCH(AL$3,'HC & Open Position'!$D$3:$J$3,1),0),"") -> 0 | AM10: =SUM(AI10:AL10) -> 0 | AN10: =AG10-AM10 -> 0 | AP10: =IFERROR(VLOOKUP($C10,'HC & Open Position'!$D$3:$P$53,9,0),"") -> 0 | AQ10: =IFERROR(VLOOKUP($C10,'HC & Open Position'!$D$3:$P$53,10,0),"") -> 0 | AR10: =IFERROR(VLOOKUP($C10,'HC & Open Position'!$D$3:$P$53,11,0),"") -> 0 | AS10: =IFERROR(VLOOKUP($C10,'HC & Open Position'!$D$3:$P$53,12,0),"") -> 0 | AT10: =SUM(AP10:AS10) -> 0 | AU10: =AG10-(AM10+AT10) -> 0
A11: CNO0000093 | B11: Pidilite | C11: Pidilite | D11: Manufacturing | E11: 44978 | F11: 46073 | G11: Anjli | H11: Usha | I11: West | J11: =IFERROR(VLOOKUP(C11,CPH!$A:$E,5,0),"") -> 21000 | K11: 45 | L11: 48.6 | M11: 41.4 | N11: 45 | O11: 180 | Q11: 12 | R11: 12 | S11: 12 | T11: 12 | U11: 12 | W11: =IFERROR((K11/Q11/0.835/3)*1.3,"") -> 1.9461078 | X11: =IFERROR((L11/R11/0.835/3)*1.3,"") -> 2.1017964 | Y11: =IFERROR((M11/S11/0.835/3)*1.3,"") -> 1.7904192 | Z11: =IFERROR((N11/T11/0.835/3)*1.3,"") -> 1.9461078 | AA11: =IFERROR((O11/U11/0.835/3/4)*1.3,"") -> 1.9461078 | AC11: =IFERROR(O11/(AA11*3*4),"") -> 7.7076923 | AD11: =IFERROR(AC11/8,"") -> 0.96346154 | AE11: =IFERROR(AD11/8,"") -> 0.12043269 | AF11: =IFERROR(AE11/3,"") -> 0.040144231 | AG11: =SUM(AC11:AF11) -> 8.8317308 | AI11: =IFERROR(VLOOKUP($C11,'HC & Open Position'!$D:$J,MATCH(AI$3,'HC & Open Position'!$D$3:$J$3,1),0),"") -> 9 | AJ11: =IFERROR(VLOOKUP($C11,'HC & Open Position'!$D:$J,MATCH(AJ$3,'HC & Open Position'!$D$3:$J$3,1),0),"") -> 0 | AK11: =IFERROR(VLOOKUP($C11,'HC & Open Position'!$D:$J,MATCH(AK$3,'HC & Open Position'!$D$3:$J$3,1),0),"") -> 1 | AL11: =IFERROR(VLOOKUP($C11,'HC & Open Position'!$D:$J,MATCH(AL$3,'HC & Open Position'!$D$3:$J$3,1),0),"") -> 0 | AM11: =SUM(AI11:AL11) -> 10 | AN11: =AG11-AM11 -> -1.1682692 | AP11: =IFERROR(VLOOKUP($C11,'HC & Open Position'!$D$3:$P$53,9,0),"") -> 3 | AQ11: =IFERROR(VLOOKUP($C11,'HC & Open Position'!$D$3:$P$53,10,0),"") -> 0 | AR11: =IFERROR(VLOOKUP($C11,'HC & Open Position'!$D$3:$P$53,11,0),"") -> 0 | AS11: =IFERROR(VLOOKUP($C11,'HC & Open Position'!$D$3:$P$53,12,0),"") -> 0 | AT11: =SUM(AP11:AS11) -> 3 | AU11: =AG11-(AM11+AT11) -> -4.1682692
A12: CNO0000106 | B12: Vertiv | C12: Vertiv | D12: Energy | E12: 44405 | F12: 45818 | G12: Anjli | H12: Shweta | I12: West | J12: =IFERROR(VLOOKUP(C12,CPH!$A:$E,5,0),"") -> 60000 | K12: 20 | L12: 21.6 | M12: 18.4 | N12: 20 | O12: 80 | Q12: 4 | R12: 4 | S12: 4 | T12: 4 | U12: 4 | W12: =IFERROR((K12/Q12/0.835/3)*1.3,"") -> 2.5948104 | X12: =IFERROR((L12/R12/0.835/3)*1.3,"") -> 2.8023952 | Y12: =IFERROR((M12/S12/0.835/3)*1.3,"") -> 2.3872255 | Z12: =IFERROR((N12/T12/0.835/3)*1.3,"") -> 2.5948104 | AA12: =IFERROR((O12/U12/0.835/3/4)*1.3,"") -> 2.5948104 | AC12: =IFERROR(O12/(AA12*3*4),"") -> 2.5692308 | AD12: =IFERROR(AC12/8,"") -> 0.32115385 | AE12: =IFERROR(AD12/8,"") -> 0.040144231 | AF12: =IFERROR(AE12/3,"") -> 0.01338141 | AG12: =SUM(AC12:AF12) -> 2.9439103 | AI12: =IFERROR(VLOOKUP($C12,'HC & Open Position'!$D:$J,MATCH(AI$3,'HC & Open Position'!$D$3:$J$3,1),0),"") -> 2 | AJ12: =IFERROR(VLOOKUP($C12,'HC & Open Position'!$D:$J,MATCH(AJ$3,'HC & Open Position'!$D$3:$J$3,1),0),"") -> 1 | AK12: =IFERROR(VLOOKUP($C12,'HC & Open Position'!$D:$J,MATCH(AK$3,'HC & Open Position'!$D$3:$J$3,1),0),"") -> 0 | AL12: =IFERROR(VLOOKUP($C12,'HC & Open Position'!$D:$J,MATCH(AL$3,'HC & Open Position'!$D$3:$J$3,1),0),"") -> 0 | AM12: =SUM(AI12:AL12) -> 3 | AN12: =AG12-AM12 -> -0.056089744 | AP12: =IFERROR(VLOOKUP($C12,'HC & Open Position'!$D$3:$P$53,9,0),"") -> 0 | AQ12: =IFERROR(VLOOKUP($C12,'HC & Open Position'!$D$3:$P$53,10,0),"") -> 0 | AR12: =IFERROR(VLOOKUP($C12,'HC & Open Position'!$D$3:$P$53,11,0),"") -> 0 | AS12: =IFERROR(VLOOKUP($C12,'HC & Open Position'!$D$3:$P$53,12,0),"") -> 0 | AT12: =SUM(AP12:AS12) -> 0 | AU12: =AG12-(AM12+AT12) -> -0.056089744
A13: CNO0000020 | B13: Birla Paints | C13: Birla Paints | D13: Manufacturing | E13: 44574 | F13: 45303 | G13: Anjli | H13: Elton | I13: West | J13: =IFERROR(VLOOKUP(C13,CPH!$A:$E,5,0),"") -> 26600 | K13: 60 | L13: 64.8 | M13: 55.2 | N13: 60 | O13: 240 | Q13: 16 | R13: 16 | S13: 16 | T13: 16 | U13: 16 | W13: =IFERROR((K13/Q13/0.835/3)*1.3,"") -> 1.9461078 | X13: =IFERROR((L13/R13/0.835/3)*1.3,"") -> 2.1017964 | Y13: =IFERROR((M13/S13/0.835/3)*1.3,"") -> 1.7904192 | Z13: =IFERROR((N13/T13/0.835/3)*1.3,"") -> 1.9461078 | AA13: =IFERROR((O13/U13/0.835/3/4)*1.3,"") -> 1.9461078 | AC13: =IFERROR(O13/(AA13*3*4),"") -> 10.276923 | AD13: =IFERROR(AC13/8,"") -> 1.2846154 | AE13: =IFERROR(AD13/8,"") -> 0.16057692 | AF13: =IFERROR(AE13/3,"") -> 0.053525641 | AG13: =SUM(AC13:AF13) -> 11.775641 | AI13: =IFERROR(VLOOKUP($C13,'HC & Open Position'!$D:$J,MATCH(AI$3,'HC & Open Position'!$D$3:$J$3,1),0),"") -> 10 | AJ13: =IFERROR(VLOOKUP($C13,'HC & Open Position'!$D:$J,MATCH(AJ$3,'HC & Open Position'!$D$3:$J$3,1),0),"") -> 1 | AK13: =IFERROR(VLOOKUP($C13,'HC & Open Position'!$D:$J,MATCH(AK$3,'HC & Open Position'!$D$3:$J$3,1),0),"") -> 0 | AL13: =IFERROR(VLOOKUP($C13,'HC & Open Position'!$D:$J,MATCH(AL$3,'HC & Open Position'!$D$3:$J$3,1),0),"") -> 0 | AM13: =SUM(AI13:AL13) -> 11 | AN13: =AG13-AM13 -> 0.77564103 | AP13: =IFERROR(VLOOKUP($C13,'HC & Open Position'!$D$3:$P$53,9,0),"") -> 2 | AQ13: =IFERROR(VLOOKUP($C13,'HC & Open Position'!$D$3:$P$53,10,0),"") -> 0 | AR13: =IFERROR(VLOOKUP($C13,'HC & Open Position'!$D$3:$P$53,11,0),"") -> 0 | AS13: =IFERROR(VLOOKUP($C13,'HC & Open Position'!$D$3:$P$53,12,0),"") -> 0 | AT13: =SUM(AP13:AS13) -> 2 | AU13: =AG13-(AM13+AT13) -> -1.224359
A14: CNO0000041 | B14: Ingram Micro | C14: Ingram Micro | D14: IT | E14: 44593 | F14: 45688 | G14: Anjli | H14: Usha | I14: North | J14: =IFERROR(VLOOKUP(C14,CPH!$A:$E,5,0),"") -> 45000 | K14: 25 | L14: 27 | M14: 23 | N14: 25 | O14: 100 | Q14: 4.2433333 | R14: 4.15 | S14: 4 | T14: 4 | U14: 4.0983333 | W14: =IFERROR((K14/Q14/0.835/3)*1.3,"") -> 3.0575142 | X14: =IFERROR((L14/R14/0.835/3)*1.3,"") -> 3.3763798 | Y14: =IFERROR((M14/S14/0.835/3)*1.3,"") -> 2.9840319 | Z14: =IFERROR((N14/T14/0.835/3)*1.3,"") -> 3.243513 | AA14: =IFERROR((O14/U14/0.835/3/4)*1.3,"") -> 3.1656898 | AC14: =IFERROR(O14/(AA14*3*4),"") -> 2.632391 | AD14: =IFERROR(AC14/8,"") -> 0.32904888 | AE14: =IFERROR(AD14/8,"") -> 0.04113111 | AF14: =IFERROR(AE14/3,"") -> 0.01371037 | AG14: =SUM(AC14:AF14) -> 3.0162814 | AI14: =IFERROR(VLOOKUP($C14,'HC & Open Position'!$D:$J,MATCH(AI$3,'HC & Open Position'!$D$3:$J$3,1),0),"") -> 1 | AJ14: =IFERROR(VLOOKUP($C14,'HC & Open Position'!$D:$J,MATCH(AJ$3,'HC & Open Position'!$D$3:$J$3,1),0),"") -> 0 | AK14: =IFERROR(VLOOKUP($C14,'HC & Open Position'!$D:$J,MATCH(AK$3,'HC & Open Position'!$D$3:$J$3,1),0),"") -> 0 | AL14: =IFERROR(VLOOKUP($C14,'HC & Open Position'!$D:$J,MATCH(AL$3,'HC & Open Position'!$D$3:$J$3,1),0),"") -> 0 | AM14: =SUM(AI14:AL14) -> 1 | AN14: =AG14-AM14 -> 2.0162814 | AP14: =IFERROR(VLOOKUP($C14,'HC & Open Position'!$D$3:$P$53,9,0),"") -> 0 | AQ14: =IFERROR(VLOOKUP($C14,'HC & Open Position'!$D$3:$P$53,10,0),"") -> 0 | AR14: =IFERROR(VLOOKUP($C14,'HC & Open Position'!$D$3:$P$53,11,0),"") -> 0 | AS14: =IFERROR(VLOOKUP($C14,'HC & Open Position'!$D$3:$P$53,12,0),"") -> 0 | AT14: =SUM(AP14:AS14) -> 0 | AU14: =AG14-(AM14+AT14) -> 2.0162814
A15: CNO0000028 | B15: HP | C15: HPE | D15: IT | E15: 44635 | F15: 0 | G15: Mahak | H15: Mahak | I15: South | J15: =IFERROR(VLOOKUP(C15,CPH!$A:$E,5,0),"") -> 54000 | K15: 428.5 | L15: 462.78 | M15: 394.22 | N15: 428.5 | O15: 1714 | Q15: 70 | R15: 70 | S15: 70 | T15: 70 | U15: 70 | W15: =IFERROR((K15/Q15/0.835/3)*1.3,"") -> 3.1767893 | X15: =IFERROR((L15/R15/0.835/3)*1.3,"") -> 3.4309324 | Y15: =IFERROR((M15/S15/0.835/3)*1.3,"") -> 2.9226461 | Z15: =IFERROR((N15/T15/0.835/3)*1.3,"") -> 3.1767893 | AA15: =IFERROR((O15/U15/0.835/3/4)*1.3,"") -> 3.1767893 | AC15: =IFERROR(O15/(AA15*3*4),"") -> 44.961538 | AD15: =IFERROR(AC15/8,"") -> 5.6201923 | AE15: =IFERROR(AD15/8,"") -> 0.70252404 | AF15: =IFERROR(AE15/3,"") -> 0.23417468 | AG15: =SUM(AC15:AF15) -> 51.518429 | AI15: =IFERROR(VLOOKUP($C15,'HC & Open Position'!$D:$J,MATCH(AI$3,'HC & Open Position'!$D$3:$J$3,1),0),"") -> 33 | AJ15: =IFERROR(VLOOKUP($C15,'HC & Open Position'!$D:$J,MATCH(AJ$3,'HC & Open Position'!$D$3:$J$3,1),0),"") -> 13 | AK15: =IFERROR(VLOOKUP($C15,'HC & Open Position'!$D:$J,MATCH(AK$3,'HC & Open Position'!$D$3:$J$3,1),0),"") -> 2 | AL15: =IFERROR(VLOOKUP($C15,'HC & Open Position'!$D:$J,MATCH(AL$3,'HC & Open Position'!$D$3:$J$3,1),0),"") -> 0 | AM15: =SUM(AI15:AL15) -> 48 | AN15: =AG15-AM15 -> 3.5184295 | AP15: =IFERROR(VLOOKUP($C15,'HC & Open Position'!$D$3:$P$53,9,0),"") -> 0 | AQ15: =IFERROR(VLOOKUP($C15,'HC & Open Position'!$D$3:$P$53,10,0),"") -> 0 | AR15: =IFERROR(VLOOKUP($C15,'HC & Open Position'!$D$3:$P$53,11,0),"") -> 0 | AS15: =IFERROR(VLOOKUP($C15,'HC & Open Position'!$D$3:$P$53,12,0),"") -> 0 | AT15: =SUM(AP15:AS15) -> 0 | AU15: =AG15-(AM15+AT15) -> 3.5184295
... A40: CNO0000099 | B40: Maruti | C40: Maruti Suzuki(MSIL) | D40: Auto | E40: 45292 | F40: 46394 | G40: Anjli | H40: Naved | I40: North | J40: =IFERROR(VLOOKUP(C40,CPH!$A:$E,5,0),"") -> 59000 | K40: 80 | L40: 86.4 | M40: 73.6 | N40: 80 | O40: 320 | Q40: 40 | R40: 40 | S40: 40 | T40: 40 | U40: 40 | W40: =IFERROR((K40/Q40/0.835/3)*1.3,"") -> 1.0379242 | X40: =IFERROR((L40/R40/0.835/3)*1.3,"") -> 1.1209581 | Y40: =IFERROR((M40/S40/0.835/3)*1.3,"") -> 0.95489022 | Z40: =IFERROR((N40/T40/0.835/3)*1.3,"") -> 1.0379242 | AA40: =IFERROR((O40/U40/0.835/3/4)*1.3,"") -> 1.0379242 | AC40: =IFERROR(O40/(AA40*3*4),"") -> 25.692308 | AD40: =IFERROR(AC40/8,"") -> 3.2115385 | AE40: =IFERROR(AD40/8,"") -> 0.40144231 | AF40: =IFERROR(AE40/3,"") -> 0.1338141 | AG40: =SUM(AC40:AF40) -> 29.439103 | AI40: =IFERROR(VLOOKUP($C40,'HC & Open Position'!$D:$J,MATCH(AI$3,'HC & Open Position'!$D$3:$J$3,1),0),"") -> 33 | AJ40: =IFERROR(VLOOKUP($C40,'HC & Open Position'!$D:$J,MATCH(AJ$3,'HC & Open Position'!$D$3:$J$3,1),0),"") -> 5 | AK40: =IFERROR(VLOOKUP($C40,'HC & Open Position'!$D:$J,MATCH(AK$3,'HC & Open Position'!$D$3:$J$3,1),0),"") -> 2 | AL40: =IFERROR(VLOOKUP($C40,'HC & Open Position'!$D:$J,MATCH(AL$3,'HC & Open Position'!$D$3:$J$3,1),0),"") -> 0 | AM40: =SUM(AI40:AL40) -> 40 | AN40: =AG40-AM40 -> -10.560897 | AP40: =IFERROR(VLOOKUP($C40,'HC & Open Position'!$D$3:$P$53,9,0),"") -> 0 | AQ40: =IFERROR(VLOOKUP($C40,'HC & Open Position'!$D$3:$P$53,10,0),"") -> 0 | AR40: =IFERROR(VLOOKUP($C40,'HC & Open Position'!$D$3:$P$53,11,0),"") -> 0 | AS40: =IFERROR(VLOOKUP($C40,'HC & Open Position'!$D$3:$P$53,12,0),"") -> 0 | AT40: =SUM(AP40:AS40) -> 0 | AU40: =AG40-(AM40+AT40) -> -10.560897
A41: CNO0000131 | B41: Viteos | C41: Intertrust (Viteos) | D41: Financial | E41: - | F41: - | G41: NA | H41: NA | J41: =IFERROR(VLOOKUP(C41,CPH!$A:$E,5,0),"") | K41: 0 | L41: 0 | M41: 0 | N41: 0 | O41: 0 | Q41: 0 | R41: 0 | S41: 0 | T41: 0 | U41: 0 | W41: =IFERROR((K41/Q41/0.835/3)*1.3,"") | X41: =IFERROR((L41/R41/0.835/3)*1.3,"") | Y41: =IFERROR((M41/S41/0.835/3)*1.3,"") | Z41: =IFERROR((N41/T41/0.835/3)*1.3,"") | AA41: =IFERROR((O41/U41/0.835/3/4)*1.3,"") | AC41: =IFERROR(O41/(AA41*3*4),"") | AD41: =IFERROR(AC41/8,"") | AE41: =IFERROR(AD41/8,"") | AF41: =IFERROR(AE41/3,"") | AG41: =SUM(AC41:AF41) -> 0 | AI41: =IFERROR(VLOOKUP($C41,'HC & Open Position'!$D:$J,MATCH(AI$3,'HC & Open Position'!$D$3:$J$3,1),0),"") | AJ41: =IFERROR(VLOOKUP($C41,'HC & Open Position'!$D:$J,MATCH(AJ$3,'HC & Open Position'!$D$3:$J$3,1),0),"") | AK41: =IFERROR(VLOOKUP($C41,'HC & Open Position'!$D:$J,MATCH(AK$3,'HC & Open Position'!$D$3:$J$3,1),0),"") | AL41: =IFERROR(VLOOKUP($C41,'HC & Open Position'!$D:$J,MATCH(AL$3,'HC & Open Position'!$D$3:$J$3,1),0),"") | AM41: =SUM(AI41:AL41) -> 0 | AN41: =AG41-AM41 -> 0 | AP41: =IFERROR(VLOOKUP($C41,'HC & Open Position'!$D$3:$P$53,9,0),"") | AQ41: =IFERROR(VLOOKUP($C41,'HC & Open Position'!$D$3:$P$53,10,0),"") | AR41: =IFERROR(VLOOKUP($C41,'HC & Open Position'!$D$3:$P$53,11,0),"") | AS41: =IFERROR(VLOOKUP($C41,'HC & Open Position'!$D$3:$P$53,12,0),"") | AT41: =SUM(AP41:AS41) -> 0 | AU41: =AG41-(AM41+AT41) -> 0
A42: CNO0000102 | B42: Excelacom | C42: Excelacom | D42: IT | E42: 45352 | F42: 45688 | G42: Sulabh | H42: Krishna | I42: South | J42: =IFERROR(VLOOKUP(C42,CPH!$A:$E,5,0),"") -> 57300 | K42: 15 | L42: 16.2 | M42: 13.8 | N42: 15 | O42: 60 | Q42: 3 | R42: 3 | S42: 3 | T42: 3 | U42: 3 | W42: =IFERROR((K42/Q42/0.835/3)*1.3,"") -> 2.5948104 | X42: =IFERROR((L42/R42/0.835/3)*1.3,"") -> 2.8023952 | Y42: =IFERROR((M42/S42/0.835/3)*1.3,"") -> 2.3872255 | Z42: =IFERROR((N42/T42/0.835/3)*1.3,"") -> 2.5948104 | AA42: =IFERROR((O42/U42/0.835/3/4)*1.3,"") -> 2.5948104 | AC42: =IFERROR(O42/(AA42*3*4),"") -> 1.9269231 | AD42: =IFERROR(AC42/8,"") -> 0.24086538 | AE42: =IFERROR(AD42/8,"") -> 0.030108173 | AF42: =IFERROR(AE42/3,"") -> 0.010036058 | AG42: =SUM(AC42:AF42) -> 2.2079327 | AI42: =IFERROR(VLOOKUP($C42,'HC & Open Position'!$D:$J,MATCH(AI$3,'HC & Open Position'!$D$3:$J$3,1),0),"") -> 0 | AJ42: =IFERROR(VLOOKUP($C42,'HC & Open Position'!$D:$J,MATCH(AJ$3,'HC & Open Position'!$D$3:$J$3,1),0),"") -> 0 | AK42: =IFERROR(VLOOKUP($C42,'HC & Open Position'!$D:$J,MATCH(AK$3,'HC & Open Position'!$D$3:$J$3,1),0),"") -> 0 | AL42: =IFERROR(VLOOKUP($C42,'HC & Open Position'!$D:$J,MATCH(AL$3,'HC & Open Position'!$D$3:$J$3,1),0),"") -> 0 | AM42: =SUM(AI42:AL42) -> 0 | AN42: =AG42-AM42 -> 2.2079327 | AP42: =IFERROR(VLOOKUP($C42,'HC & Open Position'!$D$3:$P$53,9,0),"") -> 0 | AQ42: =IFERROR(VLOOKUP($C42,'HC & Open Position'!$D$3:$P$53,10,0),"") -> 0 | AR42: =IFERROR(VLOOKUP($C42,'HC & Open Position'!$D$3:$P$53,11,0),"") -> 0 | AS42: =IFERROR(VLOOKUP($C42,'HC & Open Position'!$D$3:$P$53,12,0),"") -> 0 | AT42: =SUM(AP42:AS42) -> 0 | AU42: =AG42-(AM42+AT42) -> 2.2079327
A43: CNO0000123 | B43: Tata Consumer | C43: Tata Consumer | D43: Retail | E43: 45352 | F43: 45900 | G43: Anjli | H43: Usha | I43: West | J43: =IFERROR(VLOOKUP(C43,CPH!$A:$E,5,0),"") -> 58700 | K43: 40 | L43: 43.2 | M43: 36.8 | N43: 40 | O43: 160 | Q43: 11 | R43: 11 | S43: 11 | T43: 11 | U43: 11 | W43: =IFERROR((K43/Q43/0.835/3)*1.3,"") -> 1.8871348 | X43: =IFERROR((L43/R43/0.835/3)*1.3,"") -> 2.0381056 | Y43: =IFERROR((M43/S43/0.835/3)*1.3,"") -> 1.736164 | Z43: =IFERROR((N43/T43/0.835/3)*1.3,"") -> 1.8871348 | AA43: =IFERROR((O43/U43/0.835/3/4)*1.3,"") -> 1.8871348 | AC43: =IFERROR(O43/(AA43*3*4),"") -> 7.0653846 | AD43: =IFERROR(AC43/8,"") -> 0.88317308 | AE43: =IFERROR(AD43/8,"") -> 0.11039663 | AF43: =IFERROR(AE43/3,"") -> 0.036798878 | AG43: =SUM(AC43:AF43) -> 8.0957532 | AI43: =IFERROR(VLOOKUP($C43,'HC & Open Position'!$D:$J,MATCH(AI$3,'HC & Open Position'!$D$3:$J$3,1),0),"") -> 13 | AJ43: =IFERROR(VLOOKUP($C43,'HC & Open Position'!$D:$J,MATCH(AJ$3,'HC & Open Position'!$D$3:$J$3,1),0),"") -> 1 | AK43: =IFERROR(VLOOKUP($C43,'HC & Open Position'!$D:$J,MATCH(AK$3,'HC & Open Position'!$D$3:$J$3,1),0),"") -> 0 | AL43: =IFERROR(VLOOKUP($C43,'HC & Open Position'!$D:$J,MATCH(AL$3,'HC & Open Position'!$D$3:$J$3,1),0),"") -> 0 | AM43: =SUM(AI43:AL43) -> 14 | AN43: =AG43-AM43 -> -5.9042468 | AP43: =IFERROR(VLOOKUP($C43,'HC & Open Position'!$D$3:$P$53,9,0),"") -> 1 | AQ43: =IFERROR(VLOOKUP($C43,'HC & Open Position'!$D$3:$P$53,10,0),"") -> 0 | AR43: =IFERROR(VLOOKUP($C43,'HC & Open Position'!$D$3:$P$53,11,0),"") -> 0 | AS43: =IFERROR(VLOOKUP($C43,'HC & Open Position'!$D$3:$P$53,12,0),"") -> 0 | AT43: =SUM(AP43:AS43) -> 1 | AU43: =AG43-(AM43+AT43) -> -6.9042468
A44: CNO0000129 | B44: Tata Play | C44: Tata Play | D44: Tech | E44: 45383 | F44: 46498 | G44: Anjli | H44: Elton | I44: West | J44: =IFERROR(VLOOKUP(C44,CPH!$A:$E,5,0),"") -> 56000 | K44: 4 | L44: 4.32 | M44: 3.68 | N44: 4 | O44: 16 | Q44: 0.66666667 | R44: 1 | S44: 1 | T44: 1 | U44: 0.91666667 | W44: =IFERROR((K44/Q44/0.835/3)*1.3,"") -> 3.1137725 | X44: =IFERROR((L44/R44/0.835/3)*1.3,"") -> 2.2419162 | Y44: =IFERROR((M44/S44/0.835/3)*1.3,"") -> 1.9097804 | Z44: =IFERROR((N44/T44/0.835/3)*1.3,"") -> 2.0758483 | AA44: =IFERROR((O44/U44/0.835/3/4)*1.3,"") -> 2.2645618 | AC44: =IFERROR(O44/(AA44*3*4),"") -> 0.58878205 | AD44: =IFERROR(AC44/8,"") -> 0.073597756 | AE44: =IFERROR(AD44/8,"") -> 0.0091997196 | AF44: =IFERROR(AE44/3,"") -> 0.0030665732 | AG44: =SUM(AC44:AF44) -> 0.6746461 | AI44: =IFERROR(VLOOKUP($C44,'HC & Open Position'!$D:$J,MATCH(AI$3,'HC & Open Position'!$D$3:$J$3,1),0),"") -> 1 | AJ44: =IFERROR(VLOOKUP($C44,'HC & Open Position'!$D:$J,MATCH(AJ$3,'HC & Open Position'!$D$3:$J$3,1),0),"") -> 0 | AK44: =IFERROR(VLOOKUP($C44,'HC & Open Position'!$D:$J,MATCH(AK$3,'HC & Open Position'!$D$3:$J$3,1),0),"") -> 0 | AL44: =IFERROR(VLOOKUP($C44,'HC & Open Position'!$D:$J,MATCH(AL$3,'HC & Open Position'!$D$3:$J$3,1),0),"") -> 0 | AM44: =SUM(AI44:AL44) -> 1 | AN44: =AG44-AM44 -> -0.3253539 | AP44: =IFERROR(VLOOKUP($C44,'HC & Open Position'!$D$3:$P$53,9,0),"") -> 0 | AQ44: =IFERROR(VLOOKUP($C44,'HC & Open Position'!$D$3:$P$53,10,0),"") -> 0 | AR44: =IFERROR(VLOOKUP($C44,'HC & Open Position'!$D$3:$P$53,11,0),"") -> 0 | AS44: =IFERROR(VLOOKUP($C44,'HC & Open Position'!$D$3:$P$53,12,0),"") -> 0 | AT44: =SUM(AP44:AS44) -> 0 | AU44: =AG44-(AM44+AT44) -> -0.3253539
A45: CNO0000132 | B45: Mahindra Finance | C45: Mahindra Finance | D45: Financial | E45: 45383 | F45: 46140 | G45: Anjli | H45: Elton | I45: West | J45: =IFERROR(VLOOKUP(C45,CPH!$A:$E,5,0),"") -> 62000 | K45: 25 | L45: 27 | M45: 23 | N45: 25 | O45: 100 | Q45: 5 | R45: 5 | S45: 5 | T45: 5 | U45: 5 | W45: =IFERROR((K45/Q45/0.835/3)*1.3,"") -> 2.5948104 | X45: =IFERROR((L45/R45/0.835/3)*1.3,"") -> 2.8023952 | Y45: =IFERROR((M45/S45/0.835/3)*1.3,"") -> 2.3872255 | Z45: =IFERROR((N45/T45/0.835/3)*1.3,"") -> 2.5948104 | AA45: =IFERROR((O45/U45/0.835/3/4)*1.3,"") -> 2.5948104 | AC45: =IFERROR(O45/(AA45*3*4),"") -> 3.2115385 | AD45: =IFERROR(AC45/8,"") -> 0.40144231 | AE45: =IFERROR(AD45/8,"") -> 0.050180288 | AF45: =IFERROR(AE45/3,"") -> 0.016726763 | AG45: =SUM(AC45:AF45) -> 3.6798878 | AI45: =IFERROR(VLOOKUP($C45,'HC & Open Position'!$D:$J,MATCH(AI$3,'HC & Open Position'!$D$3:$J$3,1),0),"") -> 0 | AJ45: =IFERROR(VLOOKUP($C45,'HC & Open Position'!$D:$J,MATCH(AJ$3,'HC & Open Position'!$D$3:$J$3,1),0),"") -> 0 | AK45: =IFERROR(VLOOKUP($C45,'HC & Open Position'!$D:$J,MATCH(AK$3,'HC & Open Position'!$D$3:$J$3,1),0),"") -> 1 | AL45: =IFERROR(VLOOKUP($C45,'HC & Open Position'!$D:$J,MATCH(AL$3,'HC & Open Position'!$D$3:$J$3,1),0),"") -> 0 | AM45: =SUM(AI45:AL45) -> 1 | AN45: =AG45-AM45 -> 2.6798878 | AP45: =IFERROR(VLOOKUP($C45,'HC & Open Position'!$D$3:$P$53,9,0),"") -> 0 | AQ45: =IFERROR(VLOOKUP($C45,'HC & Open Position'!$D$3:$P$53,10,0),"") -> 0 | AR45: =IFERROR(VLOOKUP($C45,'HC & Open Position'!$D$3:$P$53,11,0),"") -> 0 | AS45: =IFERROR(VLOOKUP($C45,'HC & Open Position'!$D$3:$P$53,12,0),"") -> 0 | AT45: =SUM(AP45:AS45) -> 0 | AU45: =AG45-(AM45+AT45) -> 2.6798878
A46: CNO0000135 | B46: IBM | C46: IBM | D46: IT | E46: 45413 | F46: 46112 | G46: NA | H46: NA | I46: North | J46: =IFERROR(VLOOKUP(C46,CPH!$A:$E,5,0),"") -> 68000 | K46: 0 | L46: 0 | M46: 0 | N46: 0 | O46: 0 | Q46: 0 | R46: 0 | S46: 0 | T46: 0 | U46: 0 | W46: =IFERROR((K46/Q46/0.835/3)*1.3,"") | X46: =IFERROR((L46/R46/0.835/3)*1.3,"") | Y46: =IFERROR((M46/S46/0.835/3)*1.3,"") | Z46: =IFERROR((N46/T46/0.835/3)*1.3,"") | AA46: =IFERROR((O46/U46/0.835/3/4)*1.3,"") | AC46: =IFERROR(O46/(AA46*3*4),"") | AD46: =IFERROR(AC46/8,"") | AE46: =IFERROR(AD46/8,"") | AF46: =IFERROR(AE46/3,"") | AG46: =SUM(AC46:AF46) -> 0 | AI46: =IFERROR(VLOOKUP($C46,'HC & Open Position'!$D:$J,MATCH(AI$3,'HC & Open Position'!$D$3:$J$3,1),0),"") -> 0 | AJ46: =IFERROR(VLOOKUP($C46,'HC & Open Position'!$D:$J,MATCH(AJ$3,'HC & Open Position'!$D$3:$J$3,1),0),"") -> 0 | AK46: =IFERROR(VLOOKUP($C46,'HC & Open Position'!$D:$J,MATCH(AK$3,'HC & Open Position'!$D$3:$J$3,1),0),"") -> 0 | AL46: =IFERROR(VLOOKUP($C46,'HC & Open Position'!$D:$J,MATCH(AL$3,'HC & Open Position'!$D$3:$J$3,1),0),"") -> 0 | AM46: =SUM(AI46:AL46) -> 0 | AN46: =AG46-AM46 -> 0 | AP46: =IFERROR(VLOOKUP($C46,'HC & Open Position'!$D$3:$P$53,9,0),"") -> 0 | AQ46: =IFERROR(VLOOKUP($C46,'HC & Open Position'!$D$3:$P$53,10,0),"") -> 0 | AR46: =IFERROR(VLOOKUP($C46,'HC & Open Position'!$D$3:$P$53,11,0),"") -> 0 | AS46: =IFERROR(VLOOKUP($C46,'HC & Open Position'!$D$3:$P$53,12,0),"") -> 0 | AT46: =SUM(AP46:AS46) -> 0 | AU46: =AG46-(AM46+AT46) -> 0
B47: L&T (New) | C47: L&T-Energy | G47: NA | H47: NA | J47: =IFERROR(VLOOKUP(C47,CPH!$A:$E,5,0),"") | K47: 0 | L47: 0 | M47: 0 | N47: 0 | O47: 0 | Q47: 0 | R47: 0 | S47: 0 | T47: 0 | U47: 0 | W47: =IFERROR((K47/Q47/0.835/3)*1.3,"") | X47: =IFERROR((L47/R47/0.835/3)*1.3,"") | Y47: =IFERROR((M47/S47/0.835/3)*1.3,"") | Z47: =IFERROR((N47/T47/0.835/3)*1.3,"") | AA47: =IFERROR((O47/U47/0.835/3/4)*1.3,"") | AC47: =IFERROR(O47/(AA47*3*4),"") | AD47: =IFERROR(AC47/8,"") | AE47: =IFERROR(AD47/8,"") | AF47: =IFERROR(AE47/3,"") | AG47: =SUM(AC47:AF47) -> 0 | AI47: =IFERROR(VLOOKUP($C47,'HC & Open Position'!$D:$J,MATCH(AI$3,'HC & Open Position'!$D$3:$J$3,1),0),"") | AJ47: =IFERROR(VLOOKUP($C47,'HC & Open Position'!$D:$J,MATCH(AJ$3,'HC & Open Position'!$D$3:$J$3,1),0),"") | AK47: =IFERROR(VLOOKUP($C47,'HC & Open Position'!$D:$J,MATCH(AK$3,'HC & Open Position'!$D$3:$J$3,1),0),"") | AL47: =IFERROR(VLOOKUP($C47,'HC & Open Position'!$D:$J,MATCH(AL$3,'HC & Open Position'!$D$3:$J$3,1),0),"") | AM47: =SUM(AI47:AL47) -> 0 | AN47: =AG47-AM47 -> 0 | AP47: =IFERROR(VLOOKUP($C47,'HC & Open Position'!$D$3:$P$53,9,0),"") | AQ47: =IFERROR(VLOOKUP($C47,'HC & Open Position'!$D$3:$P$53,10,0),"") | AR47: =IFERROR(VLOOKUP($C47,'HC & Open Position'!$D$3:$P$53,11,0),"") | AS47: =IFERROR(VLOOKUP($C47,'HC & Open Position'!$D$3:$P$53,12,0),"") | AT47: =SUM(AP47:AS47) -> 0 | AU47: =AG47-(AM47+AT47) -> 0
B48: Suzuki | C48: Suzuki R&D | G48: Anjli | H48: Naved | I48: North | J48: =IFERROR(VLOOKUP(C48,CPH!$A:$E,5,0),"") -> 60000 | K48: 0 | L48: 0 | M48: 0 | N48: 0 | O48: 0 | Q48: 0 | R48: 0 | S48: 0 | T48: 0 | U48: 0 | W48: =IFERROR((K48/Q48/0.835/3)*1.3,"") | X48: =IFERROR((L48/R48/0.835/3)*1.3,"") | Y48: =IFERROR((M48/S48/0.835/3)*1.3,"") | Z48: =IFERROR((N48/T48/0.835/3)*1.3,"") | AA48: =IFERROR((O48/U48/0.835/3/4)*1.3,"") | AC48: =IFERROR(O48/(AA48*3*4),"") | AD48: =IFERROR(AC48/8,"") | AE48: =IFERROR(AD48/8,"") | AF48: =IFERROR(AE48/3,"") | AG48: =SUM(AC48:AF48) -> 0 | AI48: =IFERROR(VLOOKUP($C48,'HC & Open Position'!$D:$J,MATCH(AI$3,'HC & Open Position'!$D$3:$J$3,1),0),"") -> 1 | AJ48: =IFERROR(VLOOKUP($C48,'HC & Open Position'!$D:$J,MATCH(AJ$3,'HC & Open Position'!$D$3:$J$3,1),0),"") -> 0 | AK48: =IFERROR(VLOOKUP($C48,'HC & Open Position'!$D:$J,MATCH(AK$3,'HC & Open Position'!$D$3:$J$3,1),0),"") -> 0 | AL48: =IFERROR(VLOOKUP($C48,'HC & Open Position'!$D:$J,MATCH(AL$3,'HC & Open Position'!$D$3:$J$3,1),0),"") -> 0 | AM48: =SUM(AI48:AL48) -> 1 | AN48: =AG48-AM48 -> -1 | AP48: =IFERROR(VLOOKUP($C48,'HC & Open Position'!$D$3:$P$53,9,0),"") -> 0 | AQ48: =IFERROR(VLOOKUP($C48,'HC & Open Position'!$D$3:$P$53,10,0),"") -> 0 | AR48: =IFERROR(VLOOKUP($C48,'HC & Open Position'!$D$3:$P$53,11,0),"") -> 0 | AS48: =IFERROR(VLOOKUP($C48,'HC & Open Position'!$D$3:$P$53,12,0),"") -> 0 | AT48: =SUM(AP48:AS48) -> 0 | AU48: =AG48-(AM48+AT48) -> -1
A49: CNO0000146 | B49: Subros | C49: Subros Ltd | D49: Manufacturing | E49: 45505 | F49: 46247 | G49: Anjli | H49: Naved | I49: North | J49: =IFERROR(VLOOKUP(C49,CPH!$A:$E,5,0),"") -> 54000 | K49: 25 | L49: 27 | M49: 23 | N49: 25 | O49: 100 | Q49: 8 | R49: 8 | S49: 8 | T49: 8 | U49: 8 | W49: =IFERROR((K49/Q49/0.835/3)*1.3,"") -> 1.6217565 | X49: =IFERROR((L49/R49/0.835/3)*1.3,"") -> 1.751497 | Y49: =IFERROR((M49/S49/0.835/3)*1.3,"") -> 1.492016 | Z49: =IFERROR((N49/T49/0.835/3)*1.3,"") -> 1.6217565 | AA49: =IFERROR((O49/U49/0.835/3/4)*1.3,"") -> 1.6217565 | AC49: =IFERROR(O49/(AA49*3*4),"") -> 5.1384615 | AD49: =IFERROR(AC49/8,"") -> 0.64230769 | AE49: =IFERROR(AD49/8,"") -> 0.080288462 | AF49: =IFERROR(AE49/3,"") -> 0.026762821 | AG49: =SUM(AC49:AF49) -> 5.8878205 | AI49: =IFERROR(VLOOKUP($C49,'HC & Open Position'!$D:$J,MATCH(AI$3,'HC & Open Position'!$D$3:$J$3,1),0),"") -> 3 | AJ49: =IFERROR(VLOOKUP($C49,'HC & Open Position'!$D:$J,MATCH(AJ$3,'HC & Open Position'!$D$3:$J$3,1),0),"") -> 0 | AK49: =IFERROR(VLOOKUP($C49,'HC & Open Position'!$D:$J,MATCH(AK$3,'HC & Open Position'!$D$3:$J$3,1),0),"") -> 0 | AL49: =IFERROR(VLOOKUP($C49,'HC & Open Position'!$D:$J,MATCH(AL$3,'HC & Open Position'!$D$3:$J$3,1),0),"") -> 0 | AM49: =SUM(AI49:AL49) -> 3 | AN49: =AG49-AM49 -> 2.8878205 | AP49: =IFERROR(VLOOKUP($C49,'HC & Open Position'!$D$3:$P$53,9,0),"") -> 0 | AQ49: =IFERROR(VLOOKUP($C49,'HC & Open Position'!$D$3:$P$53,10,0),"") -> 0 | AR49: =IFERROR(VLOOKUP($C49,'HC & Open Position'!$D$3:$P$53,11,0),"") -> 0 | AS49: =IFERROR(VLOOKUP($C49,'HC & Open Position'!$D$3:$P$53,12,0),"") -> 0 | AT49: =SUM(AP49:AS49) -> 0 | AU49: =AG49-(AM49+AT49) -> 2.8878205
A50: CNO0000144 | B50: Atomberg | C50: Atomberg Technologies | D50: Manufacturing | E50: 45505 | F50: 46699 | G50: Anjli | H50: Elton | I50: West | J50: =IFERROR(VLOOKUP(C50,CPH!$A:$E,5,0),"") -> 41600 | K50: 20 | L50: 21.6 | M50: 18.4 | N50: 20 | O50: 80 | Q50: 5 | R50: 5 | S50: 5 | T50: 5 | U50: 5 | W50: =IFERROR((K50/Q50/0.835/3)*1.3,"") -> 2.0758483 | X50: =IFERROR((L50/R50/0.835/3)*1.3,"") -> 2.2419162 | Y50: =IFERROR((M50/S50/0.835/3)*1.3,"") -> 1.9097804 | Z50: =IFERROR((N50/T50/0.835/3)*1.3,"") -> 2.0758483 | AA50: =IFERROR((O50/U50/0.835/3/4)*1.3,"") -> 2.0758483 | AC50: =IFERROR(O50/(AA50*3*4),"") -> 3.2115385 | AD50: =IFERROR(AC50/8,"") -> 0.40144231 | AE50: =IFERROR(AD50/8,"") -> 0.050180288 | AF50: =IFERROR(AE50/3,"") -> 0.016726763 | AG50: =SUM(AC50:AF50) -> 3.6798878 | AI50: =IFERROR(VLOOKUP($C50,'HC & Open Position'!$D:$J,MATCH(AI$3,'HC & Open Position'!$D$3:$J$3,1),0),"") -> 4 | AJ50: =IFERROR(VLOOKUP($C50,'HC & Open Position'!$D:$J,MATCH(AJ$3,'HC & Open Position'!$D$3:$J$3,1),0),"") -> 1 | AK50: =IFERROR(VLOOKUP($C50,'HC & Open Position'!$D:$J,MATCH(AK$3,'HC & Open Position'!$D$3:$J$3,1),0),"") -> 0 | AL50: =IFERROR(VLOOKUP($C50,'HC & Open Position'!$D:$J,MATCH(AL$3,'HC & Open Position'!$D$3:$J$3,1),0),"") -> 0 | AM50: =SUM(AI50:AL50) -> 5 | AN50: =AG50-AM50 -> -1.3201122 | AP50: =IFERROR(VLOOKUP($C50,'HC & Open Position'!$D$3:$P$53,9,0),"") -> 0 | AQ50: =IFERROR(VLOOKUP($C50,'HC & Open Position'!$D$3:$P$53,10,0),"") -> 0 | AR50: =IFERROR(VLOOKUP($C50,'HC & Open Position'!$D$3:$P$53,11,0),"") -> 0 | AS50: =IFERROR(VLOOKUP($C50,'HC & Open Position'!$D$3:$P$53,12,0),"") -> 0 | AT50: =SUM(AP50:AS50) -> 0 | AU50: =AG50-(AM50+AT50) -> -1.3201122
A51: CNO0000162 | B51: Bridgestone | C51: Bridgestone | D51: Manufacturing | E51: 45600 | F51: 46330 | G51: Anjli | H51: Shweta | I51: West | J51: =IFERROR(VLOOKUP(C51,CPH!$A:$E,5,0),"") | K51: 18.75 | L51: 20.25 | M51: 17.25 | N51: 18.75 | O51: 75 | Q51: 5 | R51: 5 | S51: 5 | T51: 5 | U51: 5 | W51: =IFERROR((K51/Q51/0.835/3)*1.3,"") -> 1.9461078 | X51: =IFERROR((L51/R51/0.835/3)*1.3,"") -> 2.1017964 | Y51: =IFERROR((M51/S51/0.835/3)*1.3,"") -> 1.7904192 | Z51: =IFERROR((N51/T51/0.835/3)*1.3,"") -> 1.9461078 | AA51: =IFERROR((O51/U51/0.835/3/4)*1.3,"") -> 1.9461078 | AC51: =IFERROR(O51/(AA51*3*4),"") -> 3.2115385 | AD51: =IFERROR(AC51/8,"") -> 0.40144231 | AE51: =IFERROR(AD51/8,"") -> 0.050180288 | AF51: =IFERROR(AE51/3,"") -> 0.016726763 | AG51: =SUM(AC51:AF51) -> 3.6798878 | AI51: =IFERROR(VLOOKUP($C51,'HC & Open Position'!$D:$J,MATCH(AI$3,'HC & Open Position'!$D$3:$J$3,1),0),"") -> 2 | AJ51: =IFERROR(VLOOKUP($C51,'HC & Open Position'!$D:$J,MATCH(AJ$3,'HC & Open Position'!$D$3:$J$3,1),0),"") -> 1 | AK51: =IFERROR(VLOOKUP($C51,'HC & Open Position'!$D:$J,MATCH(AK$3,'HC & Open Position'!$D$3:$J$3,1),0),"") -> 0 | AL51: =IFERROR(VLOOKUP($C51,'HC & Open Position'!$D:$J,MATCH(AL$3,'HC & Open Position'!$D$3:$J$3,1),0),"") -> 0 | AM51: =SUM(AI51:AL51) -> 3 | AN51: =AG51-AM51 -> 0.67988782 | AP51: =IFERROR(VLOOKUP($C51,'HC & Open Position'!$D$3:$P$53,9,0),"") -> 0 | AQ51: =IFERROR(VLOOKUP($C51,'HC & Open Position'!$D$3:$P$53,10,0),"") -> 0 | AR51: =IFERROR(VLOOKUP($C51,'HC & Open Position'!$D$3:$P$53,11,0),"") -> 0 | AS51: =IFERROR(VLOOKUP($C51,'HC & Open Position'!$D$3:$P$53,12,0),"") -> 0 | AT51: =SUM(AP51:AS51) -> 0 | AU51: =AG51-(AM51+AT51) -> 0.67988782
A52: CNO0000147 | B52: Ambuja | C52: Ambuja Cement | D52: Manufacturing | E52: 45536 | F52: 46656 | G52: Anjli | H52: Elton | I52: West | J52: =IFERROR(VLOOKUP(C52,CPH!$A:$E,5,0),"") -> 32000 | K52: 150 | L52: 162 | M52: 138 | N52: 150 | O52: 600 | Q52: 39 | R52: 40 | S52: 40 | T52: 40 | U52: 39.75 | W52: =IFERROR((K52/Q52/0.835/3)*1.3,"") -> 1.996008 | X52: =IFERROR((L52/R52/0.835/3)*1.3,"") -> 2.1017964 | Y52: =IFERROR((M52/S52/0.835/3)*1.3,"") -> 1.7904192 | Z52: =IFERROR((N52/T52/0.835/3)*1.3,"") -> 1.9461078 | AA52: =IFERROR((O52/U52/0.835/3/4)*1.3,"") -> 1.9583475 | AC52: =IFERROR(O52/(AA52*3*4),"") -> 25.531731 | AD52: =IFERROR(AC52/8,"") -> 3.1914663 | AE52: =IFERROR(AD52/8,"") -> 0.39893329 | AF52: =IFERROR(AE52/3,"") -> 0.13297776 | AG52: =SUM(AC52:AF52) -> 29.255108 | AI52: =IFERROR(VLOOKUP($C52,'HC & Open Position'!$D:$J,MATCH(AI$3,'HC & Open Position'!$D$3:$J$3,1),0),"") -> 22 | AJ52: =IFERROR(VLOOKUP($C52,'HC & Open Position'!$D:$J,MATCH(AJ$3,'HC & Open Position'!$D$3:$J$3,1),0),"") -> 1 | AK52: =IFERROR(VLOOKUP($C52,'HC & Open Position'!$D:$J,MATCH(AK$3,'HC & Open Position'!$D$3:$J$3,1),0),"") -> 0 | AL52: =IFERROR(VLOOKUP($C52,'HC & Open Position'!$D:$J,MATCH(AL$3,'HC & Open Position'!$D$3:$J$3,1),0),"") -> 0 | AM52: =SUM(AI52:AL52) -> 23 | AN52: =AG52-AM52 -> 6.2551082 | AP52: =IFERROR(VLOOKUP($C52,'HC & Open Position'!$D$3:$P$53,9,0),"") -> 1 | AQ52: =IFERROR(VLOOKUP($C52,'HC & Open Position'!$D$3:$P$53,10,0),"") -> 0 | AR52: =IFERROR(VLOOKUP($C52,'HC & Open Position'!$D$3:$P$53,11,0),"") -> 0 | AS52: =IFERROR(VLOOKUP($C52,'HC & Open Position'!$D$3:$P$53,12,0),"") -> 0 | AT52: =SUM(AP52:AS52) -> 1 | AU52: =AG52-(AM52+AT52) -> 5.2551082
A53: CNO0000148 | B53: Ashok Leyland | C53: ASHOK LEYLAND LIMITED | D53: Manufacturing | E53: 45587 | F53: 45952 | G53: Sulabh | H53: Krishna | I53: South | J53: =IFERROR(VLOOKUP(C53,CPH!$A:$E,5,0),"") -> 97346 | K53: 25 | L53: 27 | M53: 23 | N53: 25 | O53: 100 | Q53: 8 | R53: 8 | S53: 8 | T53: 8 | U53: 8 | W53: =IFERROR((K53/Q53/0.835/3)*1.3,"") -> 1.6217565 | X53: =IFERROR((L53/R53/0.835/3)*1.3,"") -> 1.751497 | Y53: =IFERROR((M53/S53/0.835/3)*1.3,"") -> 1.492016 | Z53: =IFERROR((N53/T53/0.835/3)*1.3,"") -> 1.6217565 | AA53: =IFERROR((O53/U53/0.835/3/4)*1.3,"") -> 1.6217565 | AC53: =IFERROR(O53/(AA53*3*4),"") -> 5.1384615 | AD53: =IFERROR(AC53/8,"") -> 0.64230769 | AE53: =IFERROR(AD53/8,"") -> 0.080288462 | AF53: =IFERROR(AE53/3,"") -> 0.026762821 | AG53: =SUM(AC53:AF53) -> 5.8878205 | AI53: =IFERROR(VLOOKUP($C53,'HC & Open Position'!$D:$J,MATCH(AI$3,'HC & Open Position'!$D$3:$J$3,1),0),"") -> 10 | AJ53: =IFERROR(VLOOKUP($C53,'HC & Open Position'!$D:$J,MATCH(AJ$3,'HC & Open Position'!$D$3:$J$3,1),0),"") -> 4 | AK53: =IFERROR(VLOOKUP($C53,'HC & Open Position'!$D:$J,MATCH(AK$3,'HC & Open Position'!$D$3:$J$3,1),0),"") -> 0 | AL53: =IFERROR(VLOOKUP($C53,'HC & Open Position'!$D:$J,MATCH(AL$3,'HC & Open Position'!$D$3:$J$3,1),0),"") -> 0 | AM53: =SUM(AI53:AL53) -> 14 | AN53: =AG53-AM53 -> -8.1121795 | AP53: =IFERROR(VLOOKUP($C53,'HC & Open Position'!$D$3:$P$53,9,0),"") -> 0 | AQ53: =IFERROR(VLOOKUP($C53,'HC & Open Position'!$D$3:$P$53,10,0),"") -> 0 | AR53: =IFERROR(VLOOKUP($C53,'HC & Open Position'!$D$3:$P$53,11,0),"") -> 0 | AS53: =IFERROR(VLOOKUP($C53,'HC & Open Position'!$D$3:$P$53,12,0),"") -> 0 | AT53: =SUM(AP53:AS53) -> 0 | AU53: =AG53-(AM53+AT53) -> -8.1121795
A54: CNO0000163 | B54: Sterling Tool | C54: Sterling Tools | E54: 45616 | F54: 46710 | G54: Anjli | H54: Naved | I54: North | J54: =IFERROR(VLOOKUP(C54,CPH!$A:$E,5,0),"") -> 83000 | K54: 50 | L54: 54 | M54: 46 | N54: 50 | O54: 200 | Q54: 15 | R54: 15 | S54: 15 | T54: 15 | U54: 15 | W54: =IFERROR((K54/Q54/0.835/3)*1.3,"") -> 1.7298736 | X54: =IFERROR((L54/R54/0.835/3)*1.3,"") -> 1.8682635 | Y54: =IFERROR((M54/S54/0.835/3)*1.3,"") -> 1.5914837 | Z54: =IFERROR((N54/T54/0.835/3)*1.3,"") -> 1.7298736 | AA54: =IFERROR((O54/U54/0.835/3/4)*1.3,"") -> 1.7298736 | AC54: =IFERROR(O54/(AA54*3*4),"") -> 9.6346154 | AD54: =IFERROR(AC54/8,"") -> 1.2043269 | AE54: =IFERROR(AD54/8,"") -> 0.15054087 | AF54: =IFERROR(AE54/3,"") -> 0.050180288 | AG54: =SUM(AC54:AF54) -> 11.039663 | AI54: =IFERROR(VLOOKUP($C54,'HC & Open Position'!$D:$J,MATCH(AI$3,'HC & Open Position'!$D$3:$J$3,1),0),"") -> 3 | AJ54: =IFERROR(VLOOKUP($C54,'HC & Open Position'!$D:$J,MATCH(AJ$3,'HC & Open Position'!$D$3:$J$3,1),0),"") -> 1 | AK54: =IFERROR(VLOOKUP($C54,'HC & Open Position'!$D:$J,MATCH(AK$3,'HC & Open Position'!$D$3:$J$3,1),0),"") -> 0 | AL54: =IFERROR(VLOOKUP($C54,'HC & Open Position'!$D:$J,MATCH(AL$3,'HC & Open Position'!$D$3:$J$3,1),0),"") -> 0 | AM54: =SUM(AI54:AL54) -> 4 | AN54: =AG54-AM54 -> 7.0396635 | AP54: =IFERROR(VLOOKUP($C54,'HC & Open Position'!$D$3:$P$53,9,0),"") -> 0 | AQ54: =IFERROR(VLOOKUP($C54,'HC & Open Position'!$D$3:$P$53,10,0),"") -> 0 | AR54: =IFERROR(VLOOKUP($C54,'HC & Open Position'!$D$3:$P$53,11,0),"") -> 0 | AS54: =IFERROR(VLOOKUP($C54,'HC & Open Position'!$D$3:$P$53,12,0),"") -> 0 | AT54: =SUM(AP54:AS54) -> 0 | AU54: =AG54-(AM54+AT54) -> 7.0396635
A55: CNO0000170 | B55: M2P | C55: M2P Fintech | E55: 45639 | F55: 46368 | G55: Sulabh | H55: Krishna | I55: South | J55: =IFERROR(VLOOKUP(C55,CPH!$A:$E,5,0),"") -> 60000 | K55: 37.5 | L55: 40.5 | M55: 34.5 | N55: 37.5 | O55: 150 | Q55: 6 | R55: 6 | S55: 8 | T55: 8 | U55: 7 | W55: =IFERROR((K55/Q55/0.835/3)*1.3,"") -> 3.243513 | X55: =IFERROR((L55/R55/0.835/3)*1.3,"") -> 3.502994 | Y55: =IFERROR((M55/S55/0.835/3)*1.3,"") -> 2.238024 | Z55: =IFERROR((N55/T55/0.835/3)*1.3,"") -> 2.4326347 | AA55: =IFERROR((O55/U55/0.835/3/4)*1.3,"") -> 2.780154 | AC55: =IFERROR(O55/(AA55*3*4),"") -> 4.4961538 | AD55: =IFERROR(AC55/8,"") -> 0.56201923 | AE55: =IFERROR(AD55/8,"") -> 0.070252404 | AF55: =IFERROR(AE55/3,"") -> 0.023417468 | AG55: =SUM(AC55:AF55) -> 5.1518429 | AI55: =IFERROR(VLOOKUP($C55,'HC & Open Position'!$D:$J,MATCH(AI$3,'HC & Open Position'!$D$3:$J$3,1),0),"") -> 1 | AJ55: =IFERROR(VLOOKUP($C55,'HC & Open Position'!$D:$J,MATCH(AJ$3,'HC & Open Position'!$D$3:$J$3,1),0),"") -> 0 | AK55: =IFERROR(VLOOKUP($C55,'HC & Open Position'!$D:$J,MATCH(AK$3,'HC & Open Position'!$D$3:$J$3,1),0),"") -> 0 | AL55: =IFERROR(VLOOKUP($C55,'HC & Open Position'!$D:$J,MATCH(AL$3,'HC & Open Position'!$D$3:$J$3,1),0),"") -> 0 | AM55: =SUM(AI55:AL55) -> 1 | AN55: =AG55-AM55 -> 4.1518429 | AP55: =IFERROR(VLOOKUP($C55,'HC & Open Position'!$D$3:$P$53,9,0),"") -> 0 | AQ55: =IFERROR(VLOOKUP($C55,'HC & Open Position'!$D$3:$P$53,10,0),"") -> 0 | AR55: =IFERROR(VLOOKUP($C55,'HC & Open Position'!$D$3:$P$53,11,0),"") -> 0 | AS55: =IFERROR(VLOOKUP($C55,'HC & Open Position'!$D$3:$P$53,12,0),"") -> 0 | AT55: =SUM(AP55:AS55) -> 0 | AU55: =AG55-(AM55+AT55) -> 4.1518429
A56: Common_1 | B56: Common | C56: Allocable | G56: - | H56: - | J56: =IFERROR(VLOOKUP(C56,CPH!$A:$E,5,0),"") | Q56: 30 | R56: 30 | S56: 30 | T56: 30 | U56: 30 | W56: =IFERROR((K56/Q56/0.835/3)*1.3,"") -> 0 | X56: =IFERROR((L56/R56/0.835/3)*1.3,"") -> 0 | Y56: =IFERROR((M56/S56/0.835/3)*1.3,"") -> 0 | Z56: =IFERROR((N56/T56/0.835/3)*1.3,"") -> 0 | AA56: =IFERROR((O56/U56/0.835/3/4)*1.3,"") -> 0 | AC56: 3 | AD56: 3 | AE56: =IFERROR(AD56/8,"") -> 0.375 | AF56: 3 | AG56: =SUM(AC56:AF56) -> 9.375 | AI56: 3 | AJ56: 3 | AK56: =IFERROR(VLOOKUP($C56,'HC & Open Position'!$D:$J,MATCH(AK$3,'HC & Open Position'!$D$3:$J$3,1),0),"") -> 1 | AL56: 3 | AM56: =SUM(AI56:AL56) -> 10 | AN56: =AG56-AM56 -> -0.625 | AP56: =IFERROR(VLOOKUP($C56,'HC & Open Position'!$D$3:$P$53,9,0),"") | AQ56: =IFERROR(VLOOKUP($C56,'HC & Open Position'!$D$3:$P$53,10,0),"") | AR56: =IFERROR(VLOOKUP($C56,'HC & Open Position'!$D$3:$P$53,11,0),"") | AS56: =IFERROR(VLOOKUP($C56,'HC & Open Position'!$D$3:$P$53,12,0),"") | AT56: =SUM(AP56:AS56) -> 0 | AU56: =AG56-(AM56+AT56) -> -0.625
B57: Pernod Ricard | C57: Pernod Ricard | G57: Anjli | H57: Naved | I57: North | J57: =IFERROR(VLOOKUP(C57,CPH!$A:$E,5,0),"") | K57: =$O$57/4 -> 22.375 | L57: =$O$57/4 -> 22.375 | M57: =$O$57/4 -> 22.375 | N57: =$O$57/4 -> 22.375 | O57: 89.5 | Q57: =K57/(1.08*3*1.5) -> 4.6039095 | R57: =L57/(1.08*3*1.5) -> 4.6039095 | S57: =M57/(1.08*3*1.5) -> 4.6039095 | T57: =N57/(1.08*3*1.5) -> 4.6039095 | U57: 5 | W57: =IFERROR((K57/Q57/0.835/3)*1.3,"") -> 2.5221557 | X57: =IFERROR((L57/R57/0.835/3)*1.3,"") -> 2.5221557 | Y57: =IFERROR((M57/S57/0.835/3)*1.3,"") -> 2.5221557 | Z57: =IFERROR((N57/T57/0.835/3)*1.3,"") -> 2.5221557 | AA57: =IFERROR((O57/U57/0.835/3/4)*1.3,"") -> 2.3223553 | AC57: =IFERROR(O57/(AA57*3*4),"") -> 3.2115385 | AD57: =IFERROR(AC57/8,"") -> 0.40144231 | AE57: =IFERROR(AD57/8,"") -> 0.050180288 | AF57: =IFERROR(AE57/3,"") -> 0.016726763 | AG57: =SUM(AC57:AF57) -> 3.6798878 | AI57: =IFERROR(VLOOKUP($C57,'HC & Open Position'!$D:$J,MATCH(AI$3,'HC & Open Position'!$D$3:$J$3,1),0),"") -> 4 | AJ57: =IFERROR(VLOOKUP($C57,'HC & Open Position'!$D:$J,MATCH(AJ$3,'HC & Open Position'!$D$3:$J$3,1),0),"") -> 2 | AK57: =IFERROR(VLOOKUP($C57,'HC & Open Position'!$D:$J,MATCH(AK$3,'HC & Open Position'!$D$3:$J$3,1),0),"") -> 0 | AL57: =IFERROR(VLOOKUP($C57,'HC & Open Position'!$D:$J,MATCH(AL$3,'HC & Open Position'!$D$3:$J$3,1),0),"") -> 0 | AM57: =SUM(AI57:AL57) -> 6 | AN57: =AG57-AM57 -> -2.3201122 | AP57: =IFERROR(VLOOKUP($C57,'HC & Open Position'!$D$3:$P$53,9,0),"") -> 0 | AQ57: =IFERROR(VLOOKUP($C57,'HC & Open Position'!$D$3:$P$53,10,0),"") -> 0 | AR57: =IFERROR(VLOOKUP($C57,'HC & Open Position'!$D$3:$P$53,11,0),"") -> 0 | AS57: =IFERROR(VLOOKUP($C57,'HC & Open Position'!$D$3:$P$53,12,0),"") -> 0 | AT57: =SUM(AP57:AS57) -> 0 | AU57: =AG57-(AM57+AT57) -> -2.3201122
J58: =IFERROR(VLOOKUP(C58,CPH!$A:$E,5,0),"") | W58: =IFERROR((K58/Q58/0.835/3)*1.3,"") | X58: =IFERROR((L58/R58/0.835/3)*1.3,"") | Y58: =IFERROR((M58/S58/0.835/3)*1.3,"") | Z58: =IFERROR((N58/T58/0.835/3)*1.3,"") | AA58: =IFERROR((O58/U58/0.835/3/4)*1.3,"")
J59: =IFERROR(VLOOKUP(C59,CPH!$A:$E,5,0),"") | W59: =IFERROR((K59/Q59/0.835/3)*1.3,"") | X59: =IFERROR((L59/R59/0.835/3)*1.3,"") | Y59: =IFERROR((M59/S59/0.835/3)*1.3,"") | Z59: =IFERROR((N59/T59/0.835/3)*1.3,"") | AA59: =IFERROR((O59/U59/0.835/3/4)*1.3,"")
J60: =IFERROR(VLOOKUP(C60,CPH!$A:$E,5,0),"") | W60: =IFERROR((K60/Q60/0.835/3)*1.3,"") | X60: =IFERROR((L60/R60/0.835/3)*1.3,"") | Y60: =IFERROR((M60/S60/0.835/3)*1.3,"") | Z60: =IFERROR((N60/T60/0.835/3)*1.3,"") | AA60: =IFERROR((O60/U60/0.835/3/4)*1.3,"")
J61: =IFERROR(VLOOKUP(C61,CPH!$A:$E,5,0),"") | W61: =IFERROR((K61/Q61/0.835/3)*1.3,"") | X61: =IFERROR((L61/R61/0.835/3)*1.3,"") | Y61: =IFERROR((M61/S61/0.835/3)*1.3,"") | Z61: =IFERROR((N61/T61/0.835/3)*1.3,"") | AA61: =IFERROR((O61/U61/0.835/3/4)*1.3,"")
J62: =IFERROR(VLOOKUP(C62,CPH!$A:$E,5,0),"") | W62: =IFERROR((K62/Q62/0.835/3)*1.3,"") | X62: =IFERROR((L62/R62/0.835/3)*1.3,"") | Y62: =IFERROR((M62/S62/0.835/3)*1.3,"") | Z62: =IFERROR((N62/T62/0.835/3)*1.3,"") | AA62: =IFERROR((O62/U62/0.835/3/4)*1.3,"")
J63: =IFERROR(VLOOKUP(C63,CPH!$A:$E,5,0),"")
B66: Region Wise
B67: North | C67: Anjli | J67: =AVERAGEIFS(J$3:J$62,$I$3:$I$62,$B67) -> 55818.182 | K67: =SUMIFS(K$3:K$62,$I$3:$I$62,$B67) -> 338.375 | L67: =SUMIFS(L$3:L$62,$I$3:$I$62,$B67) -> 363.655 | M67: =SUMIFS(M$3:M$62,$I$3:$I$62,$B67) -> 313.095 | N67: =SUMIFS(N$3:N$62,$I$3:$I$62,$B67) -> 338.375 | O67: =SUMIFS(O$3:O$62,$I$3:$I$62,$B67) -> 1353.5 | Q67: =SUMIFS(Q$3:Q$62,$I$3:$I$62,$B67) -> 110.84724 | R67: =SUMIFS(R$3:R$62,$I$3:$I$62,$B67) -> 110.75391 | S67: =SUMIFS(S$3:S$62,$I$3:$I$62,$B67) -> 110.60391 | T67: =SUMIFS(T$3:T$62,$I$3:$I$62,$B67) -> 110.60391 | U67: =SUMIFS(U$3:U$62,$I$3:$I$62,$B67) -> 111.09833 | W67: =IFERROR((K67/Q67/0.835/3)*1.3,"") -> 1.5841963 | X67: =IFERROR((L67/R67/0.835/3)*1.3,"") -> 1.7039864 | Y67: =IFERROR((M67/S67/0.835/3)*1.3,"") -> 1.4690659 | Z67: =IFERROR((N67/T67/0.835/3)*1.3,"") -> 1.5876816 | AA67: =IFERROR((O67/U67/0.835/3/4)*1.3,"") -> 1.5806159 | AC67: =IFERROR(O67/(AA67*3*4),"") -> 71.359314 | AD67: =IFERROR(AC67/8,"") -> 8.9199143 | AE67: =IFERROR(AD67/8,"") -> 1.1149893 | AF67: =IFERROR(AE67/3,"") -> 0.37166309 | AG67: =SUM(AC67:AF67) -> 81.765881 | AI67: =SUMIFS(AI$3:AI$62,$I$3:$I$62,$B67) -> 72 | AJ67: =SUMIFS(AJ$3:AJ$62,$I$3:$I$62,$B67) -> 16 | AK67: =SUMIFS(AK$3:AK$62,$I$3:$I$62,$B67) -> 3 | AL67: =SUMIFS(AL$3:AL$62,$I$3:$I$62,$B67) -> 0 | AM67: =SUMIFS(AM$3:AM$62,$I$3:$I$62,$B67) -> 91 | AN67: =AG67-AM67 -> -9.2341193 | AP67: =SUMIFS(AP$3:AP$62,$I$3:$I$62,$B67) -> 0 | AQ67: =SUMIFS(AQ$3:AQ$62,$I$3:$I$62,$B67) -> 0 | AR67: =SUMIFS(AR$3:AR$62,$I$3:$I$62,$B67) -> 0 | AS67: =SUMIFS(AS$3:AS$62,$I$3:$I$62,$B67) -> 0 | AT67: =SUMIFS(AT$3:AT$62,$I$3:$I$62,$B67) -> 0 | AU67: =AG67-(AM67+AT67) -> -9.2341193
B68: West | C68: Anjli | J68: =AVERAGEIFS(J$3:J$62,$I$3:$I$62,$B68) -> 47540.909 | K68: =SUMIFS(K$3:K$62,$I$3:$I$62,$B68) -> 942 | L68: =SUMIFS(L$3:L$62,$I$3:$I$62,$B68) -> 1017.36 | M68: =SUMIFS(M$3:M$62,$I$3:$I$62,$B68) -> 866.64 | N68: =SUMIFS(N$3:N$62,$I$3:$I$62,$B68) -> 942 | O68: =SUMIFS(O$3:O$62,$I$3:$I$62,$B68) -> 3768 | Q68: =SUMIFS(Q$3:Q$62,$I$3:$I$62,$B68) -> 235.66667 | R68: =SUMIFS(R$3:R$62,$I$3:$I$62,$B68) -> 237 | S68: =SUMIFS(S$3:S$62,$I$3:$I$62,$B68) -> 237 | T68: =SUMIFS(T$3:T$62,$I$3:$I$62,$B68) -> 237 | U68: =SUMIFS(U$3:U$62,$I$3:$I$62,$B68) -> 236.66667 | W68: =IFERROR((K68/Q68/0.835/3)*1.3,"") -> 2.0743802 | X68: =IFERROR((L68/R68/0.835/3)*1.3,"") -> 2.2277268 | Y68: =IFERROR((M68/S68/0.835/3)*1.3,"") -> 1.8976932 | Z68: =IFERROR((N68/T68/0.835/3)*1.3,"") -> 2.06271 | AA68: =IFERROR((O68/U68/0.835/3/4)*1.3,"") -> 2.0656152 | AC68: =IFERROR(O68/(AA68*3*4),"") -> 152.01282 | AD68: =IFERROR(AC68/8,"") -> 19.001603 | AE68: =IFERROR(AD68/8,"") -> 2.3752003 | AF68: =IFERROR(AE68/3,"") -> 0.79173344 | AG68: =SUM(AC68:AF68) -> 174.18136 | AI68: =SUMIFS(AI$3:AI$62,$I$3:$I$62,$B68) -> 186 | AJ68: =SUMIFS(AJ$3:AJ$62,$I$3:$I$62,$B68) -> 31 | AK68: =SUMIFS(AK$3:AK$62,$I$3:$I$62,$B68) -> 5 | AL68: =SUMIFS(AL$3:AL$62,$I$3:$I$62,$B68) -> 0 | AM68: =SUMIFS(AM$3:AM$62,$I$3:$I$62,$B68) -> 222 | AN68: =AG68-AM68 -> -47.818643 | AP68: =SUMIFS(AP$3:AP$62,$I$3:$I$62,$B68) -> 15 | AQ68: =SUMIFS(AQ$3:AQ$62,$I$3:$I$62,$B68) -> 4 | AR68: =SUMIFS(AR$3:AR$62,$I$3:$I$62,$B68) -> 1 | AS68: =SUMIFS(AS$3:AS$62,$I$3:$I$62,$B68) -> 0 | AT68: =SUMIFS(AT$3:AT$62,$I$3:$I$62,$B68) -> 20 | AU68: =AG68-(AM68+AT68) -> -67.818643
B69: South | C69: Sulabh & Mahak | J69: =AVERAGEIFS(J$3:J$62,$I$3:$I$62,$B69) -> 61510.375 | K69: =SUMIFS(K$3:K$62,$I$3:$I$62,$B69) -> 1250.25 | L69: =SUMIFS(L$3:L$62,$I$3:$I$62,$B69) -> 1350.27 | M69: =SUMIFS(M$3:M$62,$I$3:$I$62,$B69) -> 1150.23 | N69: =SUMIFS(N$3:N$62,$I$3:$I$62,$B69) -> 1250.25 | O69: =SUMIFS(O$3:O$62,$I$3:$I$62,$B69) -> 5001 | Q69: =SUMIFS(Q$3:Q$62,$I$3:$I$62,$B69) -> 212.53333 | R69: =SUMIFS(R$3:R$62,$I$3:$I$62,$B69) -> 213 | S69: =SUMIFS(S$3:S$62,$I$3:$I$62,$B69) -> 215 | T69: =SUMIFS(T$3:T$62,$I$3:$I$62,$B69) -> 215 | U69: =SUMIFS(U$3:U$62,$I$3:$I$62,$B69) -> 213.88333 | W69: =IFERROR((K69/Q69/0.835/3)*1.3,"") -> 3.0528498 | X69: =IFERROR((L69/R69/0.835/3)*1.3,"") -> 3.2898541 | Y69: =IFERROR((M69/S69/0.835/3)*1.3,"") -> 2.7763988 | Z69: =IFERROR((N69/T69/0.835/3)*1.3,"") -> 3.0178248 | AA69: =IFERROR((O69/U69/0.835/3/4)*1.3,"") -> 3.0335806 | AC69: =IFERROR(O69/(AA69*3*4),"") -> 137.37891 | AD69: =IFERROR(AC69/8,"") -> 17.172364 | AE69: =IFERROR(AD69/8,"") -> 2.1465455 | AF69: =IFERROR(AE69/3,"") -> 0.71551516 | AG69: =SUM(AC69:AF69) -> 157.41333 | AI69: =SUMIFS(AI$3:AI$62,$I$3:$I$62,$B69) -> 128 | AJ69: =SUMIFS(AJ$3:AJ$62,$I$3:$I$62,$B69) -> 47 | AK69: =SUMIFS(AK$3:AK$62,$I$3:$I$62,$B69) -> 5 | AL69: =SUMIFS(AL$3:AL$62,$I$3:$I$62,$B69) -> 0 | AM69: =SUMIFS(AM$3:AM$62,$I$3:$I$62,$B69) -> 180 | AN69: =AG69-AM69 -> -22.586665 | AP69: =SUMIFS(AP$3:AP$62,$I$3:$I$62,$B69) -> 1 | AQ69: =SUMIFS(AQ$3:AQ$62,$I$3:$I$62,$B69) -> 1 | AR69: =SUMIFS(AR$3:AR$62,$I$3:$I$62,$B69) -> 0 | AS69: =SUMIFS(AS$3:AS$62,$I$3:$I$62,$B69) -> 0 | AT69: =SUMIFS(AT$3:AT$62,$I$3:$I$62,$B69) -> 2 | AU69: =AG69-(AM69+AT69) -> -24.586665
B70: Variance check | K70: =K2-SUM(K67:K69) -> 0 | L70: =L2-SUM(L67:L69) -> 0 | M70: =M2-SUM(M67:M69) -> 0 | N70: =N2-SUM(N67:N69) -> 0 | O70: =O2-SUM(O67:O69) -> 0 | Q70: =Q2-SUM(Q67:Q69) -> 30 | R70: =R2-SUM(R67:R69) -> 30 | S70: =S2-SUM(S67:S69) -> 30 | T70: =T2-SUM(T67:T69) -> 30 | U70: =U2-SUM(U67:U69) -> 30 | W70: =W2-AVERAGE(W67:W69) -> -0.0076122625 | X70: =X2-AVERAGE(X67:X69) -> -0.0078256596 | Y70: =Y2-AVERAGE(Y67:Y69) -> -0.0072949208 | Z70: =Z2-AVERAGE(Z67:Z69) -> -0.0065900811 | AA70: =AA2-AVERAGE(AA67:AA69) -> -0.0068758709 | AC70: =AC2-SUM(AC67:AC69) -> 3 | AD70: =AD2-SUM(AD67:AD69) -> 3 | AE70: =AE2-SUM(AE67:AE69) -> 0.375 | AF70: =AF2-SUM(AF67:AF69) -> 3 | AG70: =AG2-SUM(AG67:AG69) -> 9.375 | AI70: =AI2-SUM(AI67:AI69) -> 3 | AJ70: =AJ2-SUM(AJ67:AJ69) -> 3 | AK70: =AK2-SUM(AK67:AK69) -> 1 | AL70: =AL2-SUM(AL67:AL69) -> 3 | AM70: =AM2-SUM(AM67:AM69) -> 10 | AN70: =AN2-SUM(AN67:AN69) -> -0.625 | AP70: =AP2-SUM(AP67:AP69) -> 0 | AQ70: =AQ2-SUM(AQ67:AQ69) -> 0 | AR70: =AR2-SUM(AR67:AR69) -> 0 | AS70: =AS2-SUM(AS67:AS69) -> 0 | AT70: =AT2-SUM(AT67:AT69) -> 0 | AU70: =AU2-SUM(AU67:AU69) -> -0.625
R71: Common
B72: PH Wise
B73: Anjli | C73: AMNS | J73: =AVERAGEIFS(J$3:J$62,$H$3:$H$62,$B73) -> 33000 | K73: =SUMIFS(K$3:K$62,$H$3:$H$62,$B73) -> 115.5 | L73: =SUMIFS(L$3:L$62,$H$3:$H$62,$B73) -> 124.74 | M73: =SUMIFS(M$3:M$62,$H$3:$H$62,$B73) -> 106.26 | N73: =SUMIFS(N$3:N$62,$H$3:$H$62,$B73) -> 115.5 | O73: =SUMIFS(O$3:O$62,$H$3:$H$62,$B73) -> 462 | Q73: =SUMIFS(Q$3:Q$62,$H$3:$H$62,$B73) -> 32 | R73: =SUMIFS(R$3:R$62,$H$3:$H$62,$B73) -> 32 | S73: =SUMIFS(S$3:S$62,$H$3:$H$62,$B73) -> 32 | T73: =SUMIFS(T$3:T$62,$H$3:$H$62,$B73) -> 32 | U73: =SUMIFS(U$3:U$62,$H$3:$H$62,$B73) -> 32 | W73: =IFERROR((K73/Q73/0.835/3)*1.3,"") -> 1.8731287 | X73: =IFERROR((L73/R73/0.835/3)*1.3,"") -> 2.022979 | Y73: =IFERROR((M73/S73/0.835/3)*1.3,"") -> 1.7232784 | Z73: =IFERROR((N73/T73/0.835/3)*1.3,"") -> 1.8731287 | AA73: =IFERROR((O73/U73/0.835/3/4)*1.3,"") -> 1.8731287 | AC73: =IFERROR(O73/(AA73*3*4),"") -> 20.553846 | AD73: =IFERROR(AC73/8,"") -> 2.5692308 | AE73: =IFERROR(AD73/8,"") -> 0.32115385 | AF73: =IFERROR(AE73/3,"") -> 0.10705128 | AG73: =SUM(AC73:AF73) -> 23.551282 | AI73: =SUMIFS(AI$3:AI$62,$H$3:$H$62,$B73) -> 33 | AJ73: =SUMIFS(AJ$3:AJ$62,$H$3:$H$62,$B73) -> 5 | AK73: =SUMIFS(AK$3:AK$62,$H$3:$H$62,$B73) -> 1 | AL73: =SUMIFS(AL$3:AL$62,$H$3:$H$62,$B73) -> 0 | AM73: =SUMIFS(AM$3:AM$62,$H$3:$H$62,$B73) -> 39 | AN73: =AG73-AM73 -> -15.448718 | AP73: =SUMIFS(AP$3:AP$62,$H$3:$H$62,$B73) -> 3 | AQ73: =SUMIFS(AQ$3:AQ$62,$H$3:$H$62,$B73) -> 0 | AR73: =SUMIFS(AR$3:AR$62,$H$3:$H$62,$B73) -> 0 | AS73: =SUMIFS(AS$3:AS$62,$H$3:$H$62,$B73) -> 0 | AT73: =SUMIFS(AT$3:AT$62,$H$3:$H$62,$B73) -> 3 | AU73: =AG73-(AM73+AT73) -> -18.448718
B74: Bapi | J74: =AVERAGEIFS(J$3:J$62,$H$3:$H$62,$B74) -> 43500 | K74: =SUMIFS(K$3:K$62,$H$3:$H$62,$B74) -> 456.75 | L74: =SUMIFS(L$3:L$62,$H$3:$H$62,$B74) -> 493.29 | M74: =SUMIFS(M$3:M$62,$H$3:$H$62,$B74) -> 420.21 | N74: =SUMIFS(N$3:N$62,$H$3:$H$62,$B74) -> 456.75 | O74: =SUMIFS(O$3:O$62,$H$3:$H$62,$B74) -> 1827 | Q74: =SUMIFS(Q$3:Q$62,$H$3:$H$62,$B74) -> 72 | R74: =SUMIFS(R$3:R$62,$H$3:$H$62,$B74) -> 72 | S74: =SUMIFS(S$3:S$62,$H$3:$H$62,$B74) -> 72 | T74: =SUMIFS(T$3:T$62,$H$3:$H$62,$B74) -> 72 | U74: =SUMIFS(U$3:U$62,$H$3:$H$62,$B74) -> 72 | W74: =IFERROR((K74/Q74/0.835/3)*1.3,"") -> 3.2921657 | X74: =IFERROR((L74/R74/0.835/3)*1.3,"") -> 3.5555389 | Y74: =IFERROR((M74/S74/0.835/3)*1.3,"") -> 3.0287924 | Z74: =IFERROR((N74/T74/0.835/3)*1.3,"") -> 3.2921657 | AA74: =IFERROR((O74/U74/0.835/3/4)*1.3,"") -> 3.2921657 | AC74: =IFERROR(O74/(AA74*3*4),"") -> 46.246154 | AD74: =IFERROR(AC74/8,"") -> 5.7807692 | AE74: =IFERROR(AD74/8,"") -> 0.72259615 | AF74: =IFERROR(AE74/3,"") -> 0.24086538 | AG74: =SUM(AC74:AF74) -> 52.990385 | AI74: =SUMIFS(AI$3:AI$62,$H$3:$H$62,$B74) -> 37 | AJ74: =SUMIFS(AJ$3:AJ$62,$H$3:$H$62,$B74) -> 22 | AK74: =SUMIFS(AK$3:AK$62,$H$3:$H$62,$B74) -> 1 | AL74: =SUMIFS(AL$3:AL$62,$H$3:$H$62,$B74) -> 0 | AM74: =SUMIFS(AM$3:AM$62,$H$3:$H$62,$B74) -> 60 | AN74: =AG74-AM74 -> -7.0096154 | AP74: =SUMIFS(AP$3:AP$62,$H$3:$H$62,$B74) -> 0 | AQ74: =SUMIFS(AQ$3:AQ$62,$H$3:$H$62,$B74) -> 0 | AR74: =SUMIFS(AR$3:AR$62,$H$3:$H$62,$B74) -> 0 | AS74: =SUMIFS(AS$3:AS$62,$H$3:$H$62,$B74) -> 0 | AT74: =SUMIFS(AT$3:AT$62,$H$3:$H$62,$B74) -> 0 | AU74: =AG74-(AM74+AT74) -> -7.0096154
B75: Elton | J75: =AVERAGEIFS(J$3:J$62,$H$3:$H$62,$B75) -> 43511.111 | K75: =SUMIFS(K$3:K$62,$H$3:$H$62,$B75) -> 328.75 | L75: =SUMIFS(L$3:L$62,$H$3:$H$62,$B75) -> 355.05 | M75: =SUMIFS(M$3:M$62,$H$3:$H$62,$B75) -> 302.45 | N75: =SUMIFS(N$3:N$62,$H$3:$H$62,$B75) -> 328.75 | O75: =SUMIFS(O$3:O$62,$H$3:$H$62,$B75) -> 1315 | Q75: =SUMIFS(Q$3:Q$62,$H$3:$H$62,$B75) -> 85.666667 | R75: =SUMIFS(R$3:R$62,$H$3:$H$62,$B75) -> 87 | S75: =SUMIFS(S$3:S$62,$H$3:$H$62,$B75) -> 87 | T75: =SUMIFS(T$3:T$62,$H$3:$H$62,$B75) -> 87 | U75: =SUMIFS(U$3:U$62,$H$3:$H$62,$B75) -> 86.666667 | W75: =IFERROR((K75/Q75/0.835/3)*1.3,"") -> 1.9915422 | X75: =IFERROR((L75/R75/0.835/3)*1.3,"") -> 2.1179021 | Y75: =IFERROR((M75/S75/0.835/3)*1.3,"") -> 1.8041388 | Z75: =IFERROR((N75/T75/0.835/3)*1.3,"") -> 1.9610205 | AA75: =IFERROR((O75/U75/0.835/3/4)*1.3,"") -> 1.9685629 | AC75: =IFERROR(O75/(AA75*3*4),"") -> 55.666667 | AD75: =IFERROR(AC75/8,"") -> 6.9583333 | AE75: =IFERROR(AD75/8,"") -> 0.86979167 | AF75: =IFERROR(AE75/3,"") -> 0.28993056 | AG75: =SUM(AC75:AF75) -> 63.784722 | AI75: =SUMIFS(AI$3:AI$62,$H$3:$H$62,$B75) -> 47 | AJ75: =SUMIFS(AJ$3:AJ$62,$H$3:$H$62,$B75) -> 5 | AK75: =SUMIFS(AK$3:AK$62,$H$3:$H$62,$B75) -> 1 | AL75: =SUMIFS(AL$3:AL$62,$H$3:$H$62,$B75) -> 0 | AM75: =SUMIFS(AM$3:AM$62,$H$3:$H$62,$B75) -> 53 | AN75: =AG75-AM75 -> 10.784722 | AP75: =SUMIFS(AP$3:AP$62,$H$3:$H$62,$B75) -> 3 | AQ75: =SUMIFS(AQ$3:AQ$62,$H$3:$H$62,$B75) -> 0 | AR75: =SUMIFS(AR$3:AR$62,$H$3:$H$62,$B75) -> 0 | AS75: =SUMIFS(AS$3:AS$62,$H$3:$H$62,$B75) -> 0 | AT75: =SUMIFS(AT$3:AT$62,$H$3:$H$62,$B75) -> 3 | AU75: =AG75-(AM75+AT75) -> 7.7847222
B76: Krishna | J76: =AVERAGEIFS(J$3:J$62,$H$3:$H$62,$B76) -> 71833.25 | K76: =SUMIFS(K$3:K$62,$H$3:$H$62,$B76) -> 198.5 | L76: =SUMIFS(L$3:L$62,$H$3:$H$62,$B76) -> 214.38 | M76: =SUMIFS(M$3:M$62,$H$3:$H$62,$B76) -> 182.62 | N76: =SUMIFS(N$3:N$62,$H$3:$H$62,$B76) -> 198.5 | O76: =SUMIFS(O$3:O$62,$H$3:$H$62,$B76) -> 794 | Q76: =SUMIFS(Q$3:Q$62,$H$3:$H$62,$B76) -> 40.033333 | R76: =SUMIFS(R$3:R$62,$H$3:$H$62,$B76) -> 40 | S76: =SUMIFS(S$3:S$62,$H$3:$H$62,$B76) -> 42 | T76: =SUMIFS(T$3:T$62,$H$3:$H$62,$B76) -> 42 | U76: =SUMIFS(U$3:U$62,$H$3:$H$62,$B76) -> 41.008333 | W76: =IFERROR((K76/Q76/0.835/3)*1.3,"") -> 2.573205 | X76: =IFERROR((L76/R76/0.835/3)*1.3,"") -> 2.7813772 | Y76: =IFERROR((M76/S76/0.835/3)*1.3,"") -> 2.2564965 | Z76: =IFERROR((N76/T76/0.835/3)*1.3,"") -> 2.4527136 | AA76: =IFERROR((O76/U76/0.835/3/4)*1.3,"") -> 2.5120253 | AC76: =IFERROR(O76/(AA76*3*4),"") -> 26.339968 | AD76: =IFERROR(AC76/8,"") -> 3.292496 | AE76: =IFERROR(AD76/8,"") -> 0.411562 | AF76: =IFERROR(AE76/3,"") -> 0.13718733 | AG76: =SUM(AC76:AF76) -> 30.181213 | AI76: =SUMIFS(AI$3:AI$62,$H$3:$H$62,$B76) -> 30 | AJ76: =SUMIFS(AJ$3:AJ$62,$H$3:$H$62,$B76) -> 7 | AK76: =SUMIFS(AK$3:AK$62,$H$3:$H$62,$B76) -> 1 | AL76: =SUMIFS(AL$3:AL$62,$H$3:$H$62,$B76) -> 0 | AM76: =SUMIFS(AM$3:AM$62,$H$3:$H$62,$B76) -> 38 | AN76: =AG76-AM76 -> -7.8187867 | AP76: =SUMIFS(AP$3:AP$62,$H$3:$H$62,$B76) -> 1 | AQ76: =SUMIFS(AQ$3:AQ$62,$H$3:$H$62,$B76) -> 1 | AR76: =SUMIFS(AR$3:AR$62,$H$3:$H$62,$B76) -> 0 | AS76: =SUMIFS(AS$3:AS$62,$H$3:$H$62,$B76) -> 0 | AT76: =SUMIFS(AT$3:AT$62,$H$3:$H$62,$B76) -> 2 | AU76: =AG76-(AM76+AT76) -> -9.8187867
B77: Kunal | J77: =AVERAGEIFS(J$3:J$62,$H$3:$H$62,$B77) -> 32000 | K77: =SUMIFS(K$3:K$62,$H$3:$H$62,$B77) -> 68.75 | L77: =SUMIFS(L$3:L$62,$H$3:$H$62,$B77) -> 74.25 | M77: =SUMIFS(M$3:M$62,$H$3:$H$62,$B77) -> 63.25 | N77: =SUMIFS(N$3:N$62,$H$3:$H$62,$B77) -> 68.75 | O77: =SUMIFS(O$3:O$62,$H$3:$H$62,$B77) -> 275 | Q77: =SUMIFS(Q$3:Q$62,$H$3:$H$62,$B77) -> 14 | R77: =SUMIFS(R$3:R$62,$H$3:$H$62,$B77) -> 14 | S77: =SUMIFS(S$3:S$62,$H$3:$H$62,$B77) -> 14 | T77: =SUMIFS(T$3:T$62,$H$3:$H$62,$B77) -> 14 | U77: =SUMIFS(U$3:U$62,$H$3:$H$62,$B77) -> 14 | W77: =IFERROR((K77/Q77/0.835/3)*1.3,"") -> 2.5484745 | X77: =IFERROR((L77/R77/0.835/3)*1.3,"") -> 2.7523524 | Y77: =IFERROR((M77/S77/0.835/3)*1.3,"") -> 2.3445965 | Z77: =IFERROR((N77/T77/0.835/3)*1.3,"") -> 2.5484745 | AA77: =IFERROR((O77/U77/0.835/3/4)*1.3,"") -> 2.5484745 | AC77: =IFERROR(O77/(AA77*3*4),"") -> 8.9923077 | AD77: =IFERROR(AC77/8,"") -> 1.1240385 | AE77: =IFERROR(AD77/8,"") -> 0.14050481 | AF77: =IFERROR(AE77/3,"") -> 0.046834936 | AG77: =SUM(AC77:AF77) -> 10.303686 | AI77: =SUMIFS(AI$3:AI$62,$H$3:$H$62,$B77) -> 12 | AJ77: =SUMIFS(AJ$3:AJ$62,$H$3:$H$62,$B77) -> 2 | AK77: =SUMIFS(AK$3:AK$62,$H$3:$H$62,$B77) -> 0 | AL77: =SUMIFS(AL$3:AL$62,$H$3:$H$62,$B77) -> 0 | AM77: =SUMIFS(AM$3:AM$62,$H$3:$H$62,$B77) -> 14 | AN77: =AG77-AM77 -> -3.6963141 | AP77: =SUMIFS(AP$3:AP$62,$H$3:$H$62,$B77) -> 0 | AQ77: =SUMIFS(AQ$3:AQ$62,$H$3:$H$62,$B77) -> 0 | AR77: =SUMIFS(AR$3:AR$62,$H$3:$H$62,$B77) -> 0 | AS77: =SUMIFS(AS$3:AS$62,$H$3:$H$62,$B77) -> 0 | AT77: =SUMIFS(AT$3:AT$62,$H$3:$H$62,$B77) -> 0 | AU77: =AG77-(AM77+AT77) -> -3.6963141
B78: Mahak | J78: =AVERAGEIFS(J$3:J$62,$H$3:$H$62,$B78) -> 54000 | K78: =SUMIFS(K$3:K$62,$H$3:$H$62,$B78) -> 428.5 | L78: =SUMIFS(L$3:L$62,$H$3:$H$62,$B78) -> 462.78 | M78: =SUMIFS(M$3:M$62,$H$3:$H$62,$B78) -> 394.22 | N78: =SUMIFS(N$3:N$62,$H$3:$H$62,$B78) -> 428.5 | O78: =SUMIFS(O$3:O$62,$H$3:$H$62,$B78) -> 1714 | Q78: =SUMIFS(Q$3:Q$62,$H$3:$H$62,$B78) -> 70 | R78: =SUMIFS(R$3:R$62,$H$3:$H$62,$B78) -> 70 | S78: =SUMIFS(S$3:S$62,$H$3:$H$62,$B78) -> 70 | T78: =SUMIFS(T$3:T$62,$H$3:$H$62,$B78) -> 70 | U78: =SUMIFS(U$3:U$62,$H$3:$H$62,$B78) -> 70 | W78: =IFERROR((K78/Q78/0.835/3)*1.3,"") -> 3.1767893 | X78: =IFERROR((L78/R78/0.835/3)*1.3,"") -> 3.4309324 | Y78: =IFERROR((M78/S78/0.835/3)*1.3,"") -> 2.9226461 | Z78: =IFERROR((N78/T78/0.835/3)*1.3,"") -> 3.1767893 | AA78: =IFERROR((O78/U78/0.835/3/4)*1.3,"") -> 3.1767893 | AC78: =IFERROR(O78/(AA78*3*4),"") -> 44.961538 | AD78: =IFERROR(AC78/8,"") -> 5.6201923 | AE78: =IFERROR(AD78/8,"") -> 0.70252404 | AF78: =IFERROR(AE78/3,"") -> 0.23417468 | AG78: =SUM(AC78:AF78) -> 51.518429 | AI78: =SUMIFS(AI$3:AI$62,$H$3:$H$62,$B78) -> 33 | AJ78: =SUMIFS(AJ$3:AJ$62,$H$3:$H$62,$B78) -> 13 | AK78: =SUMIFS(AK$3:AK$62,$H$3:$H$62,$B78) -> 2 | AL78: =SUMIFS(AL$3:AL$62,$H$3:$H$62,$B78) -> 0 | AM78: =SUMIFS(AM$3:AM$62,$H$3:$H$62,$B78) -> 48 | AN78: =AG78-AM78 -> 3.5184295 | AP78: =SUMIFS(AP$3:AP$62,$H$3:$H$62,$B78) -> 0 | AQ78: =SUMIFS(AQ$3:AQ$62,$H$3:$H$62,$B78) -> 0 | AR78: =SUMIFS(AR$3:AR$62,$H$3:$H$62,$B78) -> 0 | AS78: =SUMIFS(AS$3:AS$62,$H$3:$H$62,$B78) -> 0 | AT78: =SUMIFS(AT$3:AT$62,$H$3:$H$62,$B78) -> 0 | AU78: =AG78-(AM78+AT78) -> 3.5184295
B79: Megha | J79: =AVERAGEIFS(J$3:J$62,$H$3:$H$62,$B79) -> 65000 | K79: =SUMIFS(K$3:K$62,$H$3:$H$62,$B79) -> 275 | L79: =SUMIFS(L$3:L$62,$H$3:$H$62,$B79) -> 297 | M79: =SUMIFS(M$3:M$62,$H$3:$H$62,$B79) -> 253 | N79: =SUMIFS(N$3:N$62,$H$3:$H$62,$B79) -> 275 | O79: =SUMIFS(O$3:O$62,$H$3:$H$62,$B79) -> 1100 | Q79: =SUMIFS(Q$3:Q$62,$H$3:$H$62,$B79) -> 63 | R79: =SUMIFS(R$3:R$62,$H$3:$H$62,$B79) -> 63 | S79: =SUMIFS(S$3:S$62,$H$3:$H$62,$B79) -> 63 | T79: =SUMIFS(T$3:T$62,$H$3:$H$62,$B79) -> 63 | U79: =SUMIFS(U$3:U$62,$H$3:$H$62,$B79) -> 63 | W79: =IFERROR((K79/Q79/0.835/3)*1.3,"") -> 2.2653106 | X79: =IFERROR((L79/R79/0.835/3)*1.3,"") -> 2.4465355 | Y79: =IFERROR((M79/S79/0.835/3)*1.3,"") -> 2.0840858 | Z79: =IFERROR((N79/T79/0.835/3)*1.3,"") -> 2.2653106 | AA79: =IFERROR((O79/U79/0.835/3/4)*1.3,"") -> 2.2653106 | AC79: =IFERROR(O79/(AA79*3*4),"") -> 40.465385 | AD79: =IFERROR(AC79/8,"") -> 5.0581731 | AE79: =IFERROR(AD79/8,"") -> 0.63227163 | AF79: =IFERROR(AE79/3,"") -> 0.21075721 | AG79: =SUM(AC79:AF79) -> 46.366587 | AI79: =SUMIFS(AI$3:AI$62,$H$3:$H$62,$B79) -> 65 | AJ79: =SUMIFS(AJ$3:AJ$62,$H$3:$H$62,$B79) -> 16 | AK79: =SUMIFS(AK$3:AK$62,$H$3:$H$62,$B79) -> 1 | AL79: =SUMIFS(AL$3:AL$62,$H$3:$H$62,$B79) -> 0 | AM79: =SUMIFS(AM$3:AM$62,$H$3:$H$62,$B79) -> 82 | AN79: =AG79-AM79 -> -35.633413 | AP79: =SUMIFS(AP$3:AP$62,$H$3:$H$62,$B79) -> 4 | AQ79: =SUMIFS(AQ$3:AQ$62,$H$3:$H$62,$B79) -> 1 | AR79: =SUMIFS(AR$3:AR$62,$H$3:$H$62,$B79) -> 1 | AS79: =SUMIFS(AS$3:AS$62,$H$3:$H$62,$B79) -> 0 | AT79: =SUMIFS(AT$3:AT$62,$H$3:$H$62,$B79) -> 6 | AU79: =AG79-(AM79+AT79) -> -41.633413
B80: Natasha | J80: =AVERAGEIFS(J$3:J$62,$H$3:$H$62,$B80) -> 83000 | K80: =SUMIFS(K$3:K$62,$H$3:$H$62,$B80) -> 49.75 | L80: =SUMIFS(L$3:L$62,$H$3:$H$62,$B80) -> 53.73 | M80: =SUMIFS(M$3:M$62,$H$3:$H$62,$B80) -> 45.77 | N80: =SUMIFS(N$3:N$62,$H$3:$H$62,$B80) -> 49.75 | O80: =SUMIFS(O$3:O$62,$H$3:$H$62,$B80) -> 199 | Q80: =SUMIFS(Q$3:Q$62,$H$3:$H$62,$B80) -> 15 | R80: =SUMIFS(R$3:R$62,$H$3:$H$62,$B80) -> 15 | S80: =SUMIFS(S$3:S$62,$H$3:$H$62,$B80) -> 15 | T80: =SUMIFS(T$3:T$62,$H$3:$H$62,$B80) -> 15 | U80: =SUMIFS(U$3:U$62,$H$3:$H$62,$B80) -> 15 | W80: =IFERROR((K80/Q80/0.835/3)*1.3,"") -> 1.7212242 | X80: =IFERROR((L80/R80/0.835/3)*1.3,"") -> 1.8589222 | Y80: =IFERROR((M80/S80/0.835/3)*1.3,"") -> 1.5835263 | Z80: =IFERROR((N80/T80/0.835/3)*1.3,"") -> 1.7212242 | AA80: =IFERROR((O80/U80/0.835/3/4)*1.3,"") -> 1.7212242 | AC80: =IFERROR(O80/(AA80*3*4),"") -> 9.6346154 | AD80: =IFERROR(AC80/8,"") -> 1.2043269 | AE80: =IFERROR(AD80/8,"") -> 0.15054087 | AF80: =IFERROR(AE80/3,"") -> 0.050180288 | AG80: =SUM(AC80:AF80) -> 11.039663 | AI80: =SUMIFS(AI$3:AI$62,$H$3:$H$62,$B80) -> 11 | AJ80: =SUMIFS(AJ$3:AJ$62,$H$3:$H$62,$B80) -> 4 | AK80: =SUMIFS(AK$3:AK$62,$H$3:$H$62,$B80) -> 1 | AL80: =SUMIFS(AL$3:AL$62,$H$3:$H$62,$B80) -> 0 | AM80: =SUMIFS(AM$3:AM$62,$H$3:$H$62,$B80) -> 16 | AN80: =AG80-AM80 -> -4.9603365 | AP80: =SUMIFS(AP$3:AP$62,$H$3:$H$62,$B80) -> 0 | AQ80: =SUMIFS(AQ$3:AQ$62,$H$3:$H$62,$B80) -> 0 | AR80: =SUMIFS(AR$3:AR$62,$H$3:$H$62,$B80) -> 0 | AS80: =SUMIFS(AS$3:AS$62,$H$3:$H$62,$B80) -> 0 | AT80: =SUMIFS(AT$3:AT$62,$H$3:$H$62,$B80) -> 0 | AU80: =AG80-(AM80+AT80) -> -4.9603365
B81: Naved | J81: =AVERAGEIFS(J$3:J$62,$H$3:$H$62,$B81) -> 56500 | K81: =SUMIFS(K$3:K$62,$H$3:$H$62,$B81) -> 263.625 | L81: =SUMIFS(L$3:L$62,$H$3:$H$62,$B81) -> 282.925 | M81: =SUMIFS(M$3:M$62,$H$3:$H$62,$B81) -> 244.325 | N81: =SUMIFS(N$3:N$62,$H$3:$H$62,$B81) -> 263.625 | O81: =SUMIFS(O$3:O$62,$H$3:$H$62,$B81) -> 1054.5 | Q81: =SUMIFS(Q$3:Q$62,$H$3:$H$62,$B81) -> 91.603909 | R81: =SUMIFS(R$3:R$62,$H$3:$H$62,$B81) -> 91.603909 | S81: =SUMIFS(S$3:S$62,$H$3:$H$62,$B81) -> 91.603909 | T81: =SUMIFS(T$3:T$62,$H$3:$H$62,$B81) -> 91.603909 | U81: =SUMIFS(U$3:U$62,$H$3:$H$62,$B81) -> 92 | W81: =IFERROR((K81/Q81/0.835/3)*1.3,"") -> 1.4935102 | X81: =IFERROR((L81/R81/0.835/3)*1.3,"") -> 1.6028502 | Y81: =IFERROR((M81/S81/0.835/3)*1.3,"") -> 1.3841703 | Z81: =IFERROR((N81/T81/0.835/3)*1.3,"") -> 1.4935102 | AA81: =IFERROR((O81/U81/0.835/3/4)*1.3,"") -> 1.4870802 | AC81: =IFERROR(O81/(AA81*3*4),"") -> 59.092308 | AD81: =IFERROR(AC81/8,"") -> 7.3865385 | AE81: =IFERROR(AD81/8,"") -> 0.92331731 | AF81: =IFERROR(AE81/3,"") -> 0.30777244 | AG81: =SUM(AC81:AF81) -> 67.709936 | AI81: =SUMIFS(AI$3:AI$62,$H$3:$H$62,$B81) -> 60 | AJ81: =SUMIFS(AJ$3:AJ$62,$H$3:$H$62,$B81) -> 12 | AK81: =SUMIFS(AK$3:AK$62,$H$3:$H$62,$B81) -> 2 | AL81: =SUMIFS(AL$3:AL$62,$H$3:$H$62,$B81) -> 0 | AM81: =SUMIFS(AM$3:AM$62,$H$3:$H$62,$B81) -> 74 | AN81: =AG81-AM81 -> -6.2900641 | AP81: =SUMIFS(AP$3:AP$62,$H$3:$H$62,$B81) -> 0 | AQ81: =SUMIFS(AQ$3:AQ$62,$H$3:$H$62,$B81) -> 0 | AR81: =SUMIFS(AR$3:AR$62,$H$3:$H$62,$B81) -> 0 | AS81: =SUMIFS(AS$3:AS$62,$H$3:$H$62,$B81) -> 0 | AT81: =SUMIFS(AT$3:AT$62,$H$3:$H$62,$B81) -> 0 | AU81: =AG81-(AM81+AT81) -> -6.2900641
B82: Satya | J82: =AVERAGEIFS(J$3:J$62,$H$3:$H$62,$B82) -> 69500 | K82: =SUMIFS(K$3:K$62,$H$3:$H$62,$B82) -> 30.25 | L82: =SUMIFS(L$3:L$62,$H$3:$H$62,$B82) -> 32.67 | M82: =SUMIFS(M$3:M$62,$H$3:$H$62,$B82) -> 27.83 | N82: =SUMIFS(N$3:N$62,$H$3:$H$62,$B82) -> 30.25 | O82: =SUMIFS(O$3:O$62,$H$3:$H$62,$B82) -> 121 | Q82: =SUMIFS(Q$3:Q$62,$H$3:$H$62,$B82) -> 5.5 | R82: =SUMIFS(R$3:R$62,$H$3:$H$62,$B82) -> 6 | S82: =SUMIFS(S$3:S$62,$H$3:$H$62,$B82) -> 6 | T82: =SUMIFS(T$3:T$62,$H$3:$H$62,$B82) -> 6 | U82: =SUMIFS(U$3:U$62,$H$3:$H$62,$B82) -> 5.875 | W82: =IFERROR((K82/Q82/0.835/3)*1.3,"") -> 2.8542914 | X82: =IFERROR((L82/R82/0.835/3)*1.3,"") -> 2.8257485 | Y82: =IFERROR((M82/S82/0.835/3)*1.3,"") -> 2.4071191 | Z82: =IFERROR((N82/T82/0.835/3)*1.3,"") -> 2.6164338 | AA82: =IFERROR((O82/U82/0.835/3/4)*1.3,"") -> 2.6721026 | AC82: =IFERROR(O82/(AA82*3*4),"") -> 3.7735577 | AD82: =IFERROR(AC82/8,"") -> 0.47169471 | AE82: =IFERROR(AD82/8,"") -> 0.058961839 | AF82: =IFERROR(AE82/3,"") -> 0.019653946 | AG82: =SUM(AC82:AF82) -> 4.3238682 | AI82: =SUMIFS(AI$3:AI$62,$H$3:$H$62,$B82) -> 2 | AJ82: =SUMIFS(AJ$3:AJ$62,$H$3:$H$62,$B82) -> 2 | AK82: =SUMIFS(AK$3:AK$62,$H$3:$H$62,$B82) -> 0 | AL82: =SUMIFS(AL$3:AL$62,$H$3:$H$62,$B82) -> 0 | AM82: =SUMIFS(AM$3:AM$62,$H$3:$H$62,$B82) -> 4 | AN82: =AG82-AM82 -> 0.32386819 | AP82: =SUMIFS(AP$3:AP$62,$H$3:$H$62,$B82) -> 0 | AQ82: =SUMIFS(AQ$3:AQ$62,$H$3:$H$62,$B82) -> 0 | AR82: =SUMIFS(AR$3:AR$62,$H$3:$H$62,$B82) -> 0 | AS82: =SUMIFS(AS$3:AS$62,$H$3:$H$62,$B82) -> 0 | AT82: =SUMIFS(AT$3:AT$62,$H$3:$H$62,$B82) -> 0 | AU82: =AG82-(AM82+AT82) -> 0.32386819
B83: Shweta | J83: =AVERAGEIFS(J$3:J$62,$H$3:$H$62,$B83) -> 50371.429 | K83: =SUMIFS(K$3:K$62,$H$3:$H$62,$B83) -> 104 | L83: =SUMIFS(L$3:L$62,$H$3:$H$62,$B83) -> 112.32 | M83: =SUMIFS(M$3:M$62,$H$3:$H$62,$B83) -> 95.68 | N83: =SUMIFS(N$3:N$62,$H$3:$H$62,$B83) -> 104 | O83: =SUMIFS(O$3:O$62,$H$3:$H$62,$B83) -> 416 | Q83: =SUMIFS(Q$3:Q$62,$H$3:$H$62,$B83) -> 26 | R83: =SUMIFS(R$3:R$62,$H$3:$H$62,$B83) -> 26 | S83: =SUMIFS(S$3:S$62,$H$3:$H$62,$B83) -> 26 | T83: =SUMIFS(T$3:T$62,$H$3:$H$62,$B83) -> 26 | U83: =SUMIFS(U$3:U$62,$H$3:$H$62,$B83) -> 26 | W83: =IFERROR((K83/Q83/0.835/3)*1.3,"") -> 2.0758483 | X83: =IFERROR((L83/R83/0.835/3)*1.3,"") -> 2.2419162 | Y83: =IFERROR((M83/S83/0.835/3)*1.3,"") -> 1.9097804 | Z83: =IFERROR((N83/T83/0.835/3)*1.3,"") -> 2.0758483 | AA83: =IFERROR((O83/U83/0.835/3/4)*1.3,"") -> 2.0758483 | AC83: =IFERROR(O83/(AA83*3*4),"") -> 16.7 | AD83: =IFERROR(AC83/8,"") -> 2.0875 | AE83: =IFERROR(AD83/8,"") -> 0.2609375 | AF83: =IFERROR(AE83/3,"") -> 0.086979167 | AG83: =SUM(AC83:AF83) -> 19.135417 | AI83: =SUMIFS(AI$3:AI$62,$H$3:$H$62,$B83) -> 15 | AJ83: =SUMIFS(AJ$3:AJ$62,$H$3:$H$62,$B83) -> 3 | AK83: =SUMIFS(AK$3:AK$62,$H$3:$H$62,$B83) -> 1 | AL83: =SUMIFS(AL$3:AL$62,$H$3:$H$62,$B83) -> 0 | AM83: =SUMIFS(AM$3:AM$62,$H$3:$H$62,$B83) -> 19 | AN83: =AG83-AM83 -> 0.13541667 | AP83: =SUMIFS(AP$3:AP$62,$H$3:$H$62,$B83) -> 1 | AQ83: =SUMIFS(AQ$3:AQ$62,$H$3:$H$62,$B83) -> 2 | AR83: =SUMIFS(AR$3:AR$62,$H$3:$H$62,$B83) -> 0 | AS83: =SUMIFS(AS$3:AS$62,$H$3:$H$62,$B83) -> 0 | AT83: =SUMIFS(AT$3:AT$62,$H$3:$H$62,$B83) -> 3 | AU83: =AG83-(AM83+AT83) -> -2.8645833
B84: Subu | J84: =AVERAGEIFS(J$3:J$62,$H$3:$H$62,$B84) -> 45000 | K84: =SUMIFS(K$3:K$62,$H$3:$H$62,$B84) -> 67.5 | L84: =SUMIFS(L$3:L$62,$H$3:$H$62,$B84) -> 72.9 | M84: =SUMIFS(M$3:M$62,$H$3:$H$62,$B84) -> 62.1 | N84: =SUMIFS(N$3:N$62,$H$3:$H$62,$B84) -> 67.5 | O84: =SUMIFS(O$3:O$62,$H$3:$H$62,$B84) -> 270 | Q84: =SUMIFS(Q$3:Q$62,$H$3:$H$62,$B84) -> 11 | R84: =SUMIFS(R$3:R$62,$H$3:$H$62,$B84) -> 11 | S84: =SUMIFS(S$3:S$62,$H$3:$H$62,$B84) -> 11 | T84: =SUMIFS(T$3:T$62,$H$3:$H$62,$B84) -> 11 | U84: =SUMIFS(U$3:U$62,$H$3:$H$62,$B84) -> 11 | W84: =IFERROR((K84/Q84/0.835/3)*1.3,"") -> 3.18454 | X84: =IFERROR((L84/R84/0.835/3)*1.3,"") -> 3.4393032 | Y84: =IFERROR((M84/S84/0.835/3)*1.3,"") -> 2.9297768 | Z84: =IFERROR((N84/T84/0.835/3)*1.3,"") -> 3.18454 | AA84: =IFERROR((O84/U84/0.835/3/4)*1.3,"") -> 3.18454 | AC84: =IFERROR(O84/(AA84*3*4),"") -> 7.0653846 | AD84: =IFERROR(AC84/8,"") -> 0.88317308 | AE84: =IFERROR(AD84/8,"") -> 0.11039663 | AF84: =IFERROR(AE84/3,"") -> 0.036798878 | AG84: =SUM(AC84:AF84) -> 8.0957532 | AI84: =SUMIFS(AI$3:AI$62,$H$3:$H$62,$B84) -> 14 | AJ84: =SUMIFS(AJ$3:AJ$62,$H$3:$H$62,$B84) -> 1 | AK84: =SUMIFS(AK$3:AK$62,$H$3:$H$62,$B84) -> 1 | AL84: =SUMIFS(AL$3:AL$62,$H$3:$H$62,$B84) -> 0 | AM84: =SUMIFS(AM$3:AM$62,$H$3:$H$62,$B84) -> 16 | AN84: =AG84-AM84 -> -7.9042468 | AP84: =SUMIFS(AP$3:AP$62,$H$3:$H$62,$B84) -> 0 | AQ84: =SUMIFS(AQ$3:AQ$62,$H$3:$H$62,$B84) -> 0 | AR84: =SUMIFS(AR$3:AR$62,$H$3:$H$62,$B84) -> 0 | AS84: =SUMIFS(AS$3:AS$62,$H$3:$H$62,$B84) -> 0 | AT84: =SUMIFS(AT$3:AT$62,$H$3:$H$62,$B84) -> 0 | AU84: =AG84-(AM84+AT84) -> -7.9042468
B85: Usha | J85: =AVERAGEIFS(J$3:J$62,$H$3:$H$62,$B85) -> 49740 | K85: =SUMIFS(K$3:K$62,$H$3:$H$62,$B85) -> 143.75 | L85: =SUMIFS(L$3:L$62,$H$3:$H$62,$B85) -> 155.25 | M85: =SUMIFS(M$3:M$62,$H$3:$H$62,$B85) -> 132.25 | N85: =SUMIFS(N$3:N$62,$H$3:$H$62,$B85) -> 143.75 | O85: =SUMIFS(O$3:O$62,$H$3:$H$62,$B85) -> 575 | Q85: =SUMIFS(Q$3:Q$62,$H$3:$H$62,$B85) -> 33.243333 | R85: =SUMIFS(R$3:R$62,$H$3:$H$62,$B85) -> 33.15 | S85: =SUMIFS(S$3:S$62,$H$3:$H$62,$B85) -> 33 | T85: =SUMIFS(T$3:T$62,$H$3:$H$62,$B85) -> 33 | U85: =SUMIFS(U$3:U$62,$H$3:$H$62,$B85) -> 33.098333 | W85: =IFERROR((K85/Q85/0.835/3)*1.3,"") -> 2.244083 | X85: =IFERROR((L85/R85/0.835/3)*1.3,"") -> 2.4304333 | Y85: =IFERROR((M85/S85/0.835/3)*1.3,"") -> 2.0797798 | Z85: =IFERROR((N85/T85/0.835/3)*1.3,"") -> 2.2606303 | AA85: =IFERROR((O85/U85/0.835/3/4)*1.3,"") -> 2.253914 | AC85: =IFERROR(O85/(AA85*3*4),"") -> 21.259314 | AD85: =IFERROR(AC85/8,"") -> 2.6574143 | AE85: =IFERROR(AD85/8,"") -> 0.33217678 | AF85: =IFERROR(AE85/3,"") -> 0.11072559 | AG85: =SUM(AC85:AF85) -> 24.359631 | AI85: =SUMIFS(AI$3:AI$62,$H$3:$H$62,$B85) -> 27 | AJ85: =SUMIFS(AJ$3:AJ$62,$H$3:$H$62,$B85) -> 2 | AK85: =SUMIFS(AK$3:AK$62,$H$3:$H$62,$B85) -> 1 | AL85: =SUMIFS(AL$3:AL$62,$H$3:$H$62,$B85) -> 0 | AM85: =SUMIFS(AM$3:AM$62,$H$3:$H$62,$B85) -> 30 | AN85: =AG85-AM85 -> -5.6403693 | AP85: =SUMIFS(AP$3:AP$62,$H$3:$H$62,$B85) -> 4 | AQ85: =SUMIFS(AQ$3:AQ$62,$H$3:$H$62,$B85) -> 1 | AR85: =SUMIFS(AR$3:AR$62,$H$3:$H$62,$B85) -> 0 | AS85: =SUMIFS(AS$3:AS$62,$H$3:$H$62,$B85) -> 0 | AT85: =SUMIFS(AT$3:AT$62,$H$3:$H$62,$B85) -> 5 | AU85: =AG85-(AM85+AT85) -> -10.640369
B86: Total | J86: =AVERAGE(J$3:J$62) -> 53960.531 | K86: =SUM(K73:K85) -> 2530.625 | L86: =SUM(L73:L85) -> 2731.285 | M86: =SUM(M73:M85) -> 2329.965 | N86: =SUM(N73:N85) -> 2530.625 | O86: =SUM(O73:O85) -> 10122.5 | Q86: =SUM(Q73:Q85) -> 559.04724 | R86: =SUM(R73:R85) -> 560.75391 | S86: =SUM(S73:S85) -> 562.60391 | T86: =SUM(T73:T85) -> 562.60391 | U86: =SUM(U73:U85) -> 561.64833 | W86: =IFERROR((K86/Q86/0.835/3)*1.3,"") -> 2.3491725 | X86: =IFERROR((L86/R86/0.835/3)*1.3,"") -> 2.527728 | Y86: =IFERROR((M86/S86/0.835/3)*1.3,"") -> 2.1492269 | Z86: =IFERROR((N86/T86/0.835/3)*1.3,"") -> 2.3343215 | AA86: =IFERROR((O86/U86/0.835/3/4)*1.3,"") -> 2.3382931 | AC86: =SUM(AC73:AC85) -> 360.75104 | AD86: =IFERROR(AC86/8,"") -> 45.093881 | AE86: =IFERROR(AD86/8,"") -> 5.6367351 | AF86: =IFERROR(AE86/3,"") -> 1.8789117 | AG86: =SUM(AC86:AF86) -> 413.36057 | AI86: =SUM(AI73:AI85) -> 386 | AJ86: =SUM(AJ73:AJ85) -> 94 | AK86: =SUM(AK73:AK85) -> 13 | AL86: =SUM(AL73:AL85) -> 0 | AM86: =SUM(AM73:AM85) -> 493 | AN86: =AG86-AM86 -> -79.639428 | AP86: =SUM(AP73:AP85) -> 16 | AQ86: =SUM(AQ73:AQ85) -> 5 | AR86: =SUM(AR73:AR85) -> 1 | AS86: =SUM(AS73:AS85) -> 0 | AT86: =SUM(AT73:AT85) -> 22 | AU86: =SUM(AU73:AU85) -> -101.63943
B88: Variance Check | K88: =K2-K86 -> 0 | L88: =L2-L86 -> 0 | M88: =M2-M86 -> 0 | N88: =N2-N86 -> 0 | O88: =O2-O86 -> 0 | P88: =P2-P86 -> 0 | Q88: =Q2-Q86 -> 30 | R88: =R2-R86 -> 30 | ... U88: =U2-U86 -> 30 | W88: =W2-W86 -> -0.11964265 | X88: =X2-X86 -> -0.12836451 | Y88: =Y2-Y86 -> -0.10880254 | Z88: =Z2-Z86 -> -0.11817277 | AA88: =AA2-AA86 -> -0.11856501 | AC88: =AC2-AC86 -> 3 | AD88: =AD2-AD86 -> 3 | AE88: =AE2-AE86 -> 0.375 | AF88: =AF2-AF86 -> 3 | AG88: =AG2-AG86 -> 9.375 | AI88: =AI2-AI86 -> 3 | AJ88: =AJ2-AJ86 -> 3 | AK88: =AK2-AK86 -> 1 | AL88: =AL2-AL86 -> 3 | AM88: =AM2-AM86 -> 10 | AN88: =AN2-AN86 -> -0.625 | AP88: =AP2-AP86 -> 0 | AQ88: =AQ2-AQ86 -> 0 | AR88: =AR2-AR86 -> 0 | AS88: =AS2-AS86 -> 0 | AT88: =AT2-AT86 -> 0 | AU88: =AU2-AU86 -> -0.625
